0,0,0,0.0000,0.0000,0.0000,500.0000,0.0000,0.0000,975.0000
0,0,1,84.4011,0.0000,0.0000,0.0000,0.0000,0.0000,881.2211
0,0,2,149.6205,0.0000,0.0000,0.0000,0.0000,0.0000,714.9761
0,0,3,0.0000,0.0000,0.0000,0.0000,0.0000,0.0000,714.9761
0,0,4,0.0000,0.0000,0.0000,0.0000,0.0000,0.0000,714.9761
0,0,5,0.0000,0.0000,0.0000,0.0000,0.0000,0.0000,714.9761
0,0,6,0.0000,0.0000,53.4785,0.0000,0.0000,0.0000,655.5556
0,0,7,0.0000,0.0000,500.0000,0.0000,0.0000,0.0000,100.0000
0,0,8,0.0011,0.0000,0.0011,0.0011,0.0000,145.6925,238.4065
0,0,9,0.0011,0.0000,0.0011,0.0011,0.0000,311.4801,534.3113
0,0,10,0.0000,0.0011,0.0012,0.0000,0.0011,0.0244,534.3330
0,0,11,0.0011,0.0000,210.5557,0.0011,0.0000,0.0011,300.3830
0,0,12,0.0000,0.0011,0.0011,0.0000,0.0011,329.2386,613.1584
0,0,13,0.0000,0.0011,0.0011,0.0000,0.0011,346.9233,942.7341
0,0,14,0.0000,0.0011,375.9613,0.0000,0.0011,0.0011,525.0002
0,0,15,0.0011,0.0000,0.0000,0.0011,0.0000,500.0000,1000.0000
0,0,16,0.0000,0.0000,0.0000,0.0000,0.0000,0.0000,1000.0000
0,0,17,0.0000,0.0000,120.0000,0.0000,0.0000,0.0000,866.6666
0,0,18,0.0000,0.0000,500.0000,0.0000,0.0000,0.0000,311.1111
0,0,19,0.0000,0.0000,0.0000,0.0000,0.0000,0.0000,311.1111
0,0,20,0.0000,0.0000,0.0000,0.0000,0.0000,0.0000,311.1111
0,0,21,0.0000,0.0000,0.0000,0.0000,0.0000,0.0001,311.1111
0,0,22,0.0000,0.0000,0.0000,0.0000,0.0000,500.0000,786.1111
0,0,23,0.0000,0.0000,257.5000,0.0000,0.0000,0.0000,500.0000
0,1,0,287.5001,0.0000,0.0000,0.0000,0.0000,0.0000,180.5555
0,1,1,0.0000,0.0000,0.0000,500.0000,0.0000,0.0000,655.5555
0,1,2,0.0000,0.0000,0.0000,0.0001,0.0000,0.0000,655.5555
0,1,3,0.0000,0.0000,0.0000,0.0000,0.0000,0.0000,655.5555
0,1,4,0.0000,0.0000,0.0000,0.0000,0.0001,0.0000,655.5556
0,1,5,0.0000,0.0000,0.0000,0.0000,0.0001,0.0000,655.5556
0,1,6,0.0000,500.0000,0.0000,0.0000,0.0000,0.0000,100.0001
0,1,7,0.0000,0.0001,0.0000,0.0000,0.0000,0.0000,100.0000
0,1,8,0.0010,0.0011,0.0000,0.0010,0.2075,0.0000,100.1958
0,1,9,0.0000,0.0011,0.0011,0.0000,50.4691,0.0011,148.1401
0,1,10,0.0000,0.0011,0.0011,0.0000,0.0983,0.0011,148.2321
0,1,11,0.0000,0.0000,0.0011,0.0000,500.0000,0.0011,623.2319
0,1,12,0.0000,0.0011,0.0011,0.0000,148.1493,0.0011,763.9724
0,1,13,0.0000,0.0011,0.0011,0.0000,248.4515,0.0011,1000.0000
0,1,14,0.0000,355.0001,0.0000,0.0000,0.0000,0.0000,605.5554
0,1,15,0.0000,72.5000,0.0000,0.0000,0.0000,0.0000,524.9999
0,1,16,0.0000,0.0000,0.0000,0.0000,500.0000,0.0000,999.9999
0,1,17,0.0000,0.0000,0.0000,0.0000,0.0000,0.0000,999.9999
0,1,18,0.0000,309.9999,0.0000,0.0000,0.0000,0.0000,655.5556
0,1,19,0.0000,0.0000,0.0000,0.0000,0.0000,0.0000,655.5556
0,1,20,0.0000,500.0000,0.0000,0.0000,0.0000,0.0000,100.0000
0,1,21,0.0000,0.0000,0.0000,0.0000,0.0000,0.0000,100.0000
0,1,22,0.0000,0.0000,0.0000,0.0000,0.0000,0.0000,100.0000
0,1,23,0.0000,0.0000,0.0000,0.0000,421.0526,0.0000,500.0000
0,2,0,0.0000,0.0000,0.0000,500.0000,0.0000,0.0000,975.0000
0,2,1,88.4245,0.0000,0.0000,0.0000,0.0000,0.0000,876.7506
0,2,2,243.3723,0.0000,0.0000,0.0000,0.0000,0.0000,606.3370
0,2,3,0.0000,0.0000,0.0000,0.0000,0.0000,0.0000,606.3370
0,2,4,0.0000,0.0000,0.0000,0.0000,0.0000,0.0000,606.3370
0,2,5,0.0000,0.0000,0.0000,0.0000,0.0000,0.0000,606.3370
0,2,6,0.0000,0.0000,100.7033,0.0000,0.0000,0.0000,494.4445
0,2,7,0.0000,0.0000,355.0000,0.0000,0.0000,0.0000,100.0000
0,2,8,0.0000,0.0011,0.0011,0.0000,0.0011,103.9509,198.7520
0,2,9,0.0000,0.0011,0.0011,0.0000,0.0011,151.5581,342.7309
0,2,10,0.0000,0.0011,0.0000,0.0000,0.0011,500.0000,817.7307
0,2,11,0.0000,0.0011,343.3607,0.0000,0.0011,0.0011,436.2197
0,2,12,0.0011,0.0000,0.0011,0.0011,0.0000,291.2740,712.9287
0,2,13,0.0000,0.0011,0.0011,0.0000,0.0011,302.1802,999.9985
0,2,14,0.0009,0.0000,0.0013,0.0009,0.0000,0.0033,1000.0000
0,2,15,0.0000,0.0000,38.0786,0.0000,0.0000,0.0000,957.6905
0,2,16,0.0000,0.0000,12.6689,0.0000,0.0000,0.0000,943.6139
0,2,17,0.0000,0.0000,500.0000,0.0000,0.0000,0.0000,388.0583
0,2,18,0.0000,0.0000,17.1644,0.0000,0.0000,0.0000,368.9868
0,2,19,0.0000,0.0000,143.7827,0.0000,0.0000,0.0000,209.2283
0,2,20,0.0000,0.0000,34.6625,0.0000,0.0000,0.0000,170.7144
0,2,21,0.0000,0.0000,63.6429,0.0000,0.0000,0.0000,100.0000
0,2,22,0.0000,0.0000,0.0000,0.0000,0.0000,0.0000,100.0000
0,2,23,0.0000,0.0000,0.0000,0.0000,0.0000,421.0526,500.0000
1,0,0,0.0000,0.0000,0.0000,500.0000,0.0000,0.0000,975.0000
1,0,1,90.0845,0.0000,0.0000,0.0000,0.0000,0.0000,874.9061
1,0,2,148.4020,0.0000,0.0000,0.0000,0.0000,0.0000,710.0150
1,0,3,0.0000,0.0000,0.0000,0.0000,0.0000,0.0000,710.0150
1,0,4,0.0000,0.0000,0.0000,0.0000,0.0000,0.0000,710.0150
1,0,5,0.0000,0.0000,0.0000,0.0000,0.0000,0.0000,710.0150
1,0,6,0.0000,0.0000,49.0135,0.0000,0.0000,0.0000,655.5556
1,0,7,0.0000,0.0000,500.0000,0.0000,0.0000,0.0000,100.0000
1,0,8,0.0008,0.0000,0.0008,0.0008,0.0000,149.5709,242.0914
1,0,9,0.0008,0.0000,0.0008,0.0008,0.0000,281.4720,509.4888
1,0,10,0.0000,0.0008,0.0009,0.0000,0.0008,0.0212,509.5078
1,0,11,0.0008,0.0000,174.0961,0.0008,0.0000,0.0008,316.0684
1,0,12,0.0000,0.0008,0.0008,0.0000,0.0008,348.3765,647.0250
1,0,13,0.0000,0.0008,0.0008,0.0000,0.0008,371.5536,1000.0000
1,0,14,0.0000,0.0000,427.5000,0.0000,0.0000,0.0000,525.0000
1,0,15,0.0000,0.0000,0.0000,0.0000,0.0000,500.0000,1000.0000
1,0,16,0.0000,0.0000,0.0000,0.0000,0.0000,0.0000,1000.0000
1,0,17,0.0000,0.0000,120.0000,0.0000,0.0000,0.0000,866.6666
1,0,18,0.0000,0.0000,500.0000,0.0000,0.0000,0.0000,311.1111
1,0,19,0.0000,0.0000,0.0000,0.0000,0.0000,0.0000,311.1111
1,0,20,0.0000,0.0000,0.0000,0.0000,0.0000,0.0000,311.1111
1,0,21,0.0000,0.0000,0.0000,0.0000,0.0000,0.0000,311.1111
1,0,22,0.0000,0.0000,0.0000,0.0000,0.0000,500.0000,786.1111
1,0,23,0.0000,0.0000,257.5000,0.0000,0.0000,0.0000,500.0000
1,1,0,287.5000,0.0000,0.0000,0.0000,0.0000,0.0000,180.5555
1,1,1,0.0000,0.0000,0.0000,500.0000,0.0000,0.0000,655.5555
1,1,2,0.0000,0.0000,0.0000,0.0000,0.0000,0.0000,655.5556
1,1,3,0.0000,0.0000,0.0000,0.0000,0.0000,0.0000,655.5556
1,1,4,0.0000,0.0000,0.0000,0.0000,0.0001,0.0000,655.5556
1,1,5,0.0000,0.0000,0.0000,0.0000,0.0000,0.0000,655.5556
1,1,6,0.0000,500.0000,0.0000,0.0000,0.0000,0.0000,100.0000
1,1,7,0.0000,0.0000,0.0000,0.0000,0.0000,0.0000,100.0000
1,1,8,0.0008,0.0008,0.0000,0.0008,0.0444,0.0000,100.0411
1,1,9,0.0000,0.0008,0.0008,0.0000,0.2057,0.0008,100.2356
1,1,10,0.0000,0.0008,0.0008,0.0000,0.1096,0.0008,100.3387
1,1,11,0.0000,0.0000,0.0008,0.0000,500.0000,0.0008,575.3385
1,1,12,0.0000,0.0008,0.0008,0.0000,192.1629,0.0008,757.8923
1,1,13,0.0000,0.0008,0.0008,0.0000,254.8513,0.0008,1000.0000
1,1,14,0.0000,355.0001,0.0000,0.0000,0.0000,0.0000,605.5555
1,1,15,0.0000,72.5000,0.0000,0.0000,0.0000,0.0000,525.0000
1,1,16,0.0000,0.0000,0.0000,0.0000,500.0000,0.0000,999.9999
1,1,17,0.0000,0.0000,0.0000,0.0000,0.0000,0.0000,999.9999
1,1,18,0.0000,310.0000,0.0000,0.0000,0.0000,0.0000,655.5556
1,1,19,0.0000,0.0000,0.0000,0.0000,0.0000,0.0000,655.5556
1,1,20,0.0000,500.0000,0.0000,0.0000,0.0000,0.0000,100.0000
1,1,21,0.0000,0.0000,0.0000,0.0000,0.0000,0.0000,100.0000
1,1,22,0.0000,0.0000,0.0000,0.0000,0.0000,0.0000,100.0000
1,1,23,0.0000,0.0000,0.0000,0.0000,421.0526,0.0000,500.0000
1,2,0,0.0000,0.0000,0.0000,500.0000,0.0000,0.0000,975.0000
1,2,1,96.0171,0.0000,0.0000,0.0000,0.0000,0.0000,868.3143
1,2,2,248.2645,0.0000,0.0000,0.0000,0.0000,0.0000,592.4649
1,2,3,0.0000,0.0000,0.0000,0.0000,0.0000,0.0000,592.4649
1,2,4,0.0000,0.0000,0.0000,0.0000,0.0000,0.0000,592.4649
1,2,5,0.0000,0.0000,0.0000,0.0000,0.0000,0.0000,592.4649
1,2,6,0.0000,0.0000,88.2184,0.0000,0.0000,0.0000,494.4445
1,2,7,0.0000,0.0000,355.0000,0.0000,0.0000,0.0000,100.0000
1,2,8,0.0000,0.0008,0.0008,0.0000,0.0008,105.0992,199.8432
1,2,9,0.0000,0.0008,0.0008,0.0000,0.0008,131.2589,324.5382
1,2,10,0.0000,0.0008,0.0000,0.0000,0.0008,500.0000,799.5380
1,2,11,0.0000,0.0008,326.9634,0.0000,0.0008,0.0008,436.2460
1,2,12,0.0008,0.0000,0.0008,0.0008,0.0000,286.2897,708.2202
1,2,13,0.0000,0.0008,0.0008,0.0000,0.0008,307.1377,1000.0000
1,2,14,0.0000,0.0000,0.0000,0.0000,0.0000,0.0000,1000.0000
1,2,15,0.0000,0.0000,11.2720,0.0000,0.0000,0.0000,987.4756
1,2,16,0.0000,0.0000,23.8069,0.0000,0.0000,0.0000,961.0234
1,2,17,0.0000,0.0000,500.0000,0.0000,0.0000,0.0000,405.4679
1,2,18,0.0000,0.0000,19.4704,0.0000,0.0000,0.0000,383.8341
1,2,19,0.0000,0.0000,147.0544,0.0000,0.0000,0.0000,220.4403
1,2,20,0.0000,0.0000,37.8785,0.0000,0.0000,0.0000,178.3531
1,2,21,0.0000,0.0000,70.5178,0.0000,0.0000,0.0000,100.0000
1,2,22,0.0000,0.0000,0.0000,0.0000,0.0000,0.0000,100.0000
1,2,23,0.0000,0.0000,0.0000,0.0000,0.0000,421.0526,500.0000
2,0,0,0.0000,0.0000,0.0000,500.0000,0.0000,0.0000,975.0000
2,0,1,91.7485,0.0000,0.0000,0.0000,0.0000,0.0000,873.0572
2,0,2,144.6254,0.0000,0.0000,0.0000,0.0000,0.0000,712.3624
2,0,3,0.0000,0.0000,0.0000,0.0000,0.0000,0.0000,712.3624
2,0,4,0.0000,0.0000,0.0000,0.0000,0.0000,0.0000,712.3624
2,0,5,0.0000,0.0000,0.0000,0.0000,0.0000,0.0000,712.3624
2,0,6,0.0000,0.0000,51.1261,0.0000,0.0000,0.0000,655.5556
2,0,7,0.0000,0.0000,500.0000,0.0000,0.0000,0.0000,100.0000
2,0,8,0.0014,0.0000,0.0014,0.0014,0.0000,158.5309,250.6026
2,0,9,0.0014,0.0000,0.0014,0.0014,0.0000,256.8167,494.5767
2,0,10,0.0000,0.0014,0.0015,0.0000,0.0014,0.0501,494.6225
2,0,11,0.0014,0.0000,192.3193,0.0014,0.0000,0.0014,280.9355
2,0,12,0.0000,0.0014,0.0014,0.0000,0.0014,274.0643,541.2948
2,0,13,0.0000,0.0014,0.0014,0.0000,0.0014,294.2803,820.8594
2,0,14,0.0000,0.0014,266.2742,0.0000,0.0014,0.0014,525.0002
2,0,15,0.0014,0.0000,0.0000,0.0014,0.0000,500.0000,1000.0000
2,0,16,0.0000,0.0000,0.0000,0.0000,0.0000,0.0000,1000.0000
2,0,17,0.0000,0.0000,120.0000,0.0000,0.0000,0.0000,866.6666
2,0,18,0.0000,0.0000,500.0000,0.0000,0.0000,0.0000,311.1111
2,0,19,0.0000,0.0000,0.0000,0.0000,0.0000,0.0000,311.1111
2,0,20,0.0000,0.0000,0.0000,0.0000,0.0000,0.0000,311.1111
2,0,21,0.0000,0.0000,0.0000,0.0000,0.0000,0.0001,311.1111
2,0,22,0.0000,0.0000,0.0000,0.0000,0.0000,500.0000,786.1111
2,0,23,0.0000,0.0000,257.5000,0.0000,0.0000,0.0000,500.0000
2,1,0,287.5001,0.0000,0.0000,0.0000,0.0000,0.0000,180.5555
2,1,1,0.0000,0.0000,0.0000,500.0000,0.0000,0.0000,655.5555
2,1,2,0.0000,0.0000,0.0000,0.0001,0.0000,0.0000,655.5555
2,1,3,0.0000,0.0000,0.0000,0.0000,0.0000,0.0000,655.5555
2,1,4,0.0000,0.0000,0.0000,0.0000,0.0001,0.0000,655.5556
2,1,5,0.0000,0.0000,0.0000,0.0000,0.0001,0.0000,655.5556
2,1,6,0.0000,500.0000,0.0000,0.0000,0.0000,0.0000,100.0001
2,1,7,0.0000,0.0001,0.0000,0.0000,0.0000,0.0000,100.0000
2,1,8,0.0014,0.0014,0.0000,0.0014,0.1375,0.0000,100.1288
2,1,9,0.0000,0.0014,0.0014,0.0000,28.2929,0.0014,127.0053
2,1,10,0.0000,0.0014,0.0014,0.0000,12.2021,0.0014,138.5955
2,1,11,0.0000,0.0000,0.0014,0.0000,500.0000,0.0014,613.5953
2,1,12,0.0000,0.0014,0.0014,0.0000,162.1696,0.0014,767.6546
2,1,13,0.0000,0.0014,0.0014,0.0000,244.5759,0.0014,1000.0000
2,1,14,0.0000,355.0001,0.0000,0.0000,0.0000,0.0000,605.5554
2,1,15,0.0000,72.5000,0.0000,0.0000,0.0000,0.0000,524.9999
2,1,16,0.0000,0.0000,0.0000,0.0000,500.0000,0.0000,999.9999
2,1,17,0.0000,0.0000,0.0000,0.0000,0.0000,0.0000,999.9999
2,1,18,0.0000,309.9999,0.0000,0.0000,0.0000,0.0000,655.5556
2,1,19,0.0000,0.0000,0.0000,0.0000,0.0000,0.0000,655.5556
2,1,20,0.0000,500.0000,0.0000,0.0000,0.0000,0.0000,100.0000
2,1,21,0.0000,0.0000,0.0000,0.0000,0.0000,0.0000,100.0000
2,1,22,0.0000,0.0000,0.0000,0.0000,0.0000,0.0000,100.0000
2,1,23,0.0000,0.0000,0.0000,0.0000,421.0526,0.0000,500.0000
2,2,0,0.0000,0.0000,0.0000,500.0000,0.0000,0.0000,975.0000
2,2,1,96.8786,0.0000,0.0000,0.0000,0.0000,0.0000,867.3572
2,2,2,240.5754,0.0000,0.0000,0.0000,0.0000,0.0000,600.0512
2,2,3,0.0000,0.0000,0.0000,0.0000,0.0000,0.0000,600.0512
2,2,4,0.0000,0.0000,0.0000,0.0000,0.0000,0.0000,600.0512
2,2,5,0.0000,0.0000,0.0000,0.0000,0.0000,0.0000,600.0512
2,2,6,0.0000,0.0000,95.0461,0.0000,0.0000,0.0000,494.4445
2,2,7,0.0000,0.0000,355.0000,0.0000,0.0000,0.0000,100.0000
2,2,8,0.0000,0.0014,0.0014,0.0000,0.0014,114.0479,208.3438
2,2,9,0.0000,0.0014,0.0014,0.0000,0.0014,128.7414,330.6464
2,2,10,0.0000,0.0014,0.0000,0.0000,0.0014,500.0000,805.6461
2,2,11,0.0000,0.0014,308.3247,0.0000,0.0014,0.0014,463.0642
2,2,12,0.0014,0.0000,0.0014,0.0014,0.0000,269.2489,718.8489
2,2,13,0.0000,0.0014,0.0014,0.0000,0.0014,295.9483,999.9980
2,2,14,0.0013,0.0000,0.0018,0.0013,0.0000,0.0043,1000.0000
2,2,15,0.0000,0.0000,38.3036,0.0000,0.0000,0.0000,957.4404
2,2,16,0.0000,0.0000,18.9877,0.0000,0.0000,0.0000,936.3430
2,2,17,0.0000,0.0000,500.0000,0.0000,0.0000,0.0000,380.7875
2,2,18,0.0000,0.0000,16.6400,0.0000,0.0000,0.0000,362.2986
2,2,19,0.0000,0.0000,142.4025,0.0000,0.0000,0.0000,204.0736
2,2,20,0.0000,0.0000,32.3607,0.0000,0.0000,0.0000,168.1172
2,2,21,0.0000,0.0000,61.3055,0.0000,0.0000,0.0000,100.0000
2,2,22,0.0000,0.0000,0.0000,0.0000,0.0000,0.0000,100.0000
2,2,23,0.0000,0.0000,0.0000,0.0000,0.0000,421.0526,500.0000
3,0,0,0.0000,0.0000,0.0000,500.0000,0.0000,0.0000,975.0000
3,0,1,90.0172,0.0000,0.0000,0.0000,0.0000,0.0000,874.9809
3,0,2,145.6956,0.0000,0.0000,0.0000,0.0000,0.0000,713.0969
3,0,3,0.0000,0.0000,0.0000,0.0000,0.0000,0.0000,713.0969
3,0,4,0.0000,0.0000,0.0000,0.0000,0.0000,0.0000,713.0969
3,0,5,0.0000,0.0000,0.0000,0.0000,0.0000,0.0000,713.0969
3,0,6,0.0000,0.0000,51.7872,0.0000,0.0000,0.0000,655.5556
3,0,7,0.0000,0.0000,500.0000,0.0000,0.0000,0.0000,100.0000
3,0,8,0.0009,0.0000,0.0009,0.0009,0.0000,157.7158,249.8288
3,0,9,0.0009,0.0000,0.0009,0.0009,0.0000,254.9295,492.0106
3,0,10,0.0000,0.0009,0.0012,0.0000,0.0009,0.0225,492.0305
3,0,11,0.0009,0.0000,128.5014,0.0009,0.0000,0.0009,349.2519
3,0,12,0.0000,0.0009,0.0009,0.0000,0.0009,325.2349,658.2239
3,0,13,0.0000,0.0009,0.0009,0.0000,0.0009,359.7656,1000.0000
3,0,14,0.0000,0.0000,427.5000,0.0000,0.0000,0.0000,525.0000
3,0,15,0.0000,0.0000,0.0000,0.0000,0.0000,500.0000,1000.0000
3,0,16,0.0000,0.0000,0.0000,0.0000,0.0000,0.0000,1000.0000
3,0,17,0.0000,0.0000,120.0000,0.0000,0.0000,0.0000,866.6666
3,0,18,0.0000,0.0000,500.0000,0.0000,0.0000,0.0000,311.1111
3,0,19,0.0000,0.0000,0.0000,0.0000,0.0000,0.0000,311.1111
3,0,20,0.0000,0.0000,0.0000,0.0000,0.0000,0.0000,311.1111
3,0,21,0.0000,0.0000,0.0000,0.0000,0.0000,0.0001,311.1111
3,0,22,0.0000,0.0000,0.0000,0.0000,0.0000,500.0000,786.1111
3,0,23,0.0000,0.0000,257.5000,0.0000,0.0000,0.0000,500.0000
3,1,0,287.5000,0.0000,0.0000,0.0000,0.0000,0.0000,180.5555
3,1,1,0.0000,0.0000,0.0000,500.0000,0.0000,0.0000,655.5555
3,1,2,0.0000,0.0000,0.0000,0.0001,0.0000,0.0000,655.5556
3,1,3,0.0000,0.0000,0.0000,0.0000,0.0000,0.0000,655.5556
3,1,4,0.0000,0.0000,0.0000,0.0000,0.0001,0.0000,655.5556
3,1,5,0.0000,0.0000,0.0000,0.0000,0.0001,0.0000,655.5556
3,1,6,0.0000,500.0000,0.0000,0.0000,0.0000,0.0000,100.0000
3,1,7,0.0000,0.0001,0.0000,0.0000,0.0000,0.0000,100.0000
3,1,8,0.0009,0.0009,0.0000,0.0009,0.1731,0.0000,100.1632
3,1,9,0.0000,0.0009,0.0009,0.0000,12.4032,0.0009,111.9451
3,1,10,0.0000,0.0010,0.0009,0.0000,0.0932,0.0009,112.0324
3,1,11,0.0000,0.0000,0.0009,0.0000,500.0000,0.0009,587.0323
3,1,12,0.0000,0.0009,0.0009,0.0000,170.5304,0.0009,749.0350
3,1,13,0.0000,0.0009,0.0009,0.0000,264.1750,0.0009,1000.0000
3,1,14,0.0000,355.0001,0.0000,0.0000,0.0000,0.0000,605.5554
3,1,15,0.0000,72.5000,0.0000,0.0000,0.0000,0.0000,524.9999
3,1,16,0.0000,0.0000,0.0000,0.0000,500.0000,0.0000,999.9999
3,1,17,0.0000,0.0000,0.0000,0.0000,0.0000,0.0000,999.9999
3,1,18,0.0000,310.0000,0.0000,0.0000,0.0000,0.0000,655.5556
3,1,19,0.0000,0.0000,0.0000,0.0000,0.0000,0.0000,655.5556
3,1,20,0.0000,500.0000,0.0000,0.0000,0.0000,0.0000,100.0000
3,1,21,0.0000,0.0000,0.0000,0.0000,0.0000,0.0000,100.0000
3,1,22,0.0000,0.0000,0.0000,0.0000,0.0000,0.0000,100.0000
3,1,23,0.0000,0.0000,0.0000,0.0000,421.0526,0.0000,500.0000
3,2,0,0.0000,0.0000,0.0000,500.0000,0.0000,0.0000,975.0000
3,2,1,95.0131,0.0000,0.0000,0.0000,0.0000,0.0000,869.4300
3,2,2,240.9899,0.0000,0.0000,0.0000,0.0000,0.0000,601.6634
3,2,3,0.0000,0.0000,0.0000,0.0000,0.0000,0.0000,601.6634
3,2,4,0.0000,0.0000,0.0000,0.0000,0.0000,0.0000,601.6634
3,2,5,0.0000,0.0000,0.0000,0.0000,0.0000,0.0000,601.6634
3,2,6,0.0000,0.0000,96.4970,0.0000,0.0000,0.0000,494.4445
3,2,7,0.0000,0.0000,355.0000,0.0000,0.0000,0.0000,100.0000
3,2,8,0.0000,0.0009,0.0009,0.0000,0.0009,108.9174,203.4704
3,2,9,0.0000,0.0009,0.0009,0.0000,0.0009,117.4003,314.9994
3,2,10,0.0000,0.0009,0.0000,0.0000,0.0009,500.0000,789.9993
3,2,11,0.0000,0.0009,266.6424,0.0000,0.0009,0.0009,493.7307
3,2,12,0.0009,0.0000,0.0009,0.0009,0.0000,250.0802,731.3057
3,2,13,0.0000,0.0009,0.0009,0.0000,0.0009,282.8373,1000.0000
3,2,14,0.0000,0.0000,0.0000,0.0000,0.0000,0.0001,1000.0000
3,2,15,0.0000,0.0000,48.4453,0.0000,0.0000,0.0000,946.1719
3,2,16,0.0000,0.0000,0.0000,0.0000,0.0000,0.0001,946.1719
3,2,17,0.0000,0.0000,500.0000,0.0000,0.0000,0.0000,390.6163
3,2,18,0.0000,0.0000,17.6819,0.0000,0.0000,0.0000,370.9697
3,2,19,0.0000,0.0000,144.2434,0.0000,0.0000,0.0000,210.6994
3,2,20,0.0000,0.0000,34.8670,0.0000,0.0000,0.0000,171.9582
3,2,21,0.0000,0.0000,64.7624,0.0000,0.0000,0.0000,100.0000
3,2,22,0.0000,0.0000,0.0000,0.0000,0.0000,0.0000,100.0000
3,2,23,0.0000,0.0000,0.0000,0.0000,0.0000,421.0526,500.0000
4,0,0,0.0000,0.0000,0.0000,500.0000,0.0000,0.0000,975.0000
4,0,1,91.2628,0.0000,0.0000,0.0000,0.0000,0.0000,873.5969
4,0,2,145.3384,0.0000,0.0000,0.0000,0.0000,0.0000,712.1097
4,0,3,0.0000,0.0000,0.0000,0.0000,0.0000,0.0000,712.1097
4,0,4,0.0000,0.0000,0.0000,0.0000,0.0000,0.0000,712.1097
4,0,5,0.0000,0.0000,0.0000,0.0000,0.0000,0.0000,712.1097
4,0,6,0.0000,0.0000,50.8988,0.0000,0.0000,0.0000,655.5556
4,0,7,0.0000,0.0000,500.0000,0.0000,0.0000,0.0000,100.0000
4,0,8,0.0010,0.0000,0.0010,0.0010,0.0000,137.7517,230.8628
4,0,9,0.0010,0.0000,0.0010,0.0010,0.0000,258.8889,476.8060
4,0,10,0.0000,0.0010,0.0011,0.0000,0.0010,0.0327,476.8357
4,0,11,0.0010,0.0000,89.4427,0.0010,0.0000,0.0010,377.4556
4,0,12,0.0000,0.0010,0.0010,0.0000,0.0010,309.5278,671.5058
4,0,13,0.0000,0.0010,0.0010,0.0000,0.0010,345.7847,1000.0000
4,0,14,0.0000,0.0000,427.5000,0.0000,0.0000,0.0000,525.0000
4,0,15,0.0000,0.0000,0.0000,0.0000,0.0000,500.0000,1000.0000
4,0,16,0.0000,0.0000,0.0000,0.0000,0.0000,0.0000,1000.0000
4,0,17,0.0000,0.0000,120.0000,0.0000,0.0000,0.0000,866.6666
4,0,18,0.0000,0.0000,500.0000,0.0000,0.0000,0.0000,311.1111
4,0,19,0.0000,0.0000,0.0000,0.0000,0.0000,0.0000,311.1111
4,0,20,0.0000,0.0000,0.0000,0.0000,0.0000,0.0000,311.1111
4,0,21,0.0000,0.0000,0.0000,0.0000,0.0000,0.0001,311.1111
4,0,22,0.0000,0.0000,0.0000,0.0000,0.0000,500.0000,786.1111
4,0,23,0.0000,0.0000,257.5000,0.0000,0.0000,0.0000,500.0000
4,1,0,287.5000,0.0000,0.0000,0.0000,0.0000,0.0000,180.5555
4,1,1,0.0000,0.0000,0.0000,500.0000,0.0000,0.0000,655.5555
4,1,2,0.0000,0.0000,0.0000,0.0001,0.0000,0.0000,655.5555
4,1,3,0.0000,0.0000,0.0000,0.0000,0.0000,0.0000,655.5555
4,1,4,0.0000,0.0000,0.0000,0.0000,0.0001,0.0000,655.5556
4,1,5,0.0000,0.0000,0.0000,0.0000,0.0001,0.0000,655.5556
4,1,6,0.0000,500.0000,0.0000,0.0000,0.0000,0.0000,100.0000
4,1,7,0.0000,0.0001,0.0000,0.0000,0.0000,0.0000,100.0000
4,1,8,0.0010,0.0010,0.0000,0.0010,0.0947,0.0000,100.0886
4,1,9,0.0000,0.0010,0.0010,0.0000,53.8131,0.0010,151.2098
4,1,10,0.0000,0.0010,0.0010,0.0000,4.3222,0.0010,155.3146
4,1,11,0.0000,0.0000,0.0010,0.0000,500.0000,0.0010,630.3145
4,1,12,0.0000,0.0010,0.0010,0.0000,144.0480,0.0010,767.1588
4,1,13,0.0000,0.0010,0.0010,0.0000,245.0974,0.0010,1000.0000
4,1,14,0.0000,355.0001,0.0000,0.0000,0.0000,0.0000,605.5554
4,1,15,0.0000,72.4999,0.0000,0.0000,0.0000,0.0000,524.9999
4,1,16,0.0000,0.0000,0.0000,0.0000,500.0000,0.0000,999.9999
4,1,17,0.0000,0.0000,0.0000,0.0000,0.0000,0.0000,999.9999
4,1,18,0.0000,310.0000,0.0000,0.0000,0.0000,0.0000,655.5556
4,1,19,0.0000,0.0000,0.0000,0.0000,0.0000,0.0000,655.5556
4,1,20,0.0000,500.0000,0.0000,0.0000,0.0000,0.0000,100.0000
4,1,21,0.0000,0.0000,0.0000,0.0000,0.0000,0.0000,100.0000
4,1,22,0.0000,0.0000,0.0000,0.0000,0.0000,0.0000,100.0000
4,1,23,0.0000,0.0000,0.0000,0.0000,421.0526,0.0000,500.0000
4,2,0,0.0000,0.0000,0.0000,500.0000,0.0000,0.0000,975.0000
4,2,1,96.4121,0.0000,0.0000,0.0000,0.0000,0.0000,867.8754
4,2,2,241.7962,0.0000,0.0000,0.0000,0.0000,0.0000,599.2130
4,2,3,0.0000,0.0000,0.0000,0.0000,0.0000,0.0000,599.2130
4,2,4,0.0000,0.0000,0.0000,0.0000,0.0000,0.0000,599.2130
4,2,5,0.0000,0.0000,0.0000,0.0000,0.0000,0.0000,599.2130
4,2,6,0.0000,0.0000,94.2917,0.0000,0.0000,0.0000,494.4445
4,2,7,0.0000,0.0000,355.0000,0.0000,0.0000,0.0000,100.0000
4,2,8,0.0000,0.0010,0.0010,0.0000,0.0010,96.4856,191.6600
4,2,9,0.0000,0.0010,0.0010,0.0000,0.0010,113.5451,299.5266
4,2,10,0.0000,0.0010,0.0000,0.0000,0.0010,500.0000,774.5264
4,2,11,0.0000,0.0010,187.7755,0.0000,0.0010,0.0010,565.8877
4,2,12,0.0010,0.0000,0.0010,0.0010,0.0000,208.5717,764.0296
4,2,13,0.0000,0.0010,0.0010,0.0000,0.0010,248.3913,1000.0000
4,2,14,0.0000,0.0000,0.0001,0.0000,0.0000,0.0001,1000.0000
4,2,15,0.0000,0.0000,40.0613,0.0000,0.0000,0.0000,955.4874
4,2,16,0.0000,0.0000,18.7384,0.0000,0.0000,0.0000,934.6670
4,2,17,0.0000,0.0000,500.0000,0.0000,0.0000,0.0000,379.1114
4,2,18,0.0000,0.0000,16.4628,0.0000,0.0000,0.0000,360.8195
4,2,19,0.0000,0.0000,142.3136,0.0000,0.0000,0.0000,202.6933
4,2,20,0.0000,0.0000,31.7708,0.0000,0.0000,0.0000,167.3925
4,2,21,0.0000,0.0000,60.6532,0.0000,0.0000,0.0000,100.0000
4,2,22,0.0000,0.0000,0.0000,0.0000,0.0000,0.0000,100.0000
4,2,23,0.0000,0.0000,0.0000,0.0000,0.0000,421.0526,500.0000
5,0,0,0.0000,0.0000,0.0000,500.0000,0.0000,0.0000,975.0000
5,0,1,81.6707,0.0000,0.0000,0.0000,0.0000,0.0000,884.2548
5,0,2,160.3848,0.0000,0.0000,0.0000,0.0000,0.0000,706.0495
5,0,3,0.0000,0.0000,0.0000,0.0000,0.0000,0.0000,706.0495
5,0,4,0.0000,0.0000,0.0000,0.0000,0.0000,0.0000,706.0495
5,0,5,0.0000,0.0000,0.0000,0.0000,0.0000,0.0000,706.0495
5,0,6,0.0000,0.0000,45.4445,0.0000,0.0000,0.0000,655.5556
5,0,7,0.0000,0.0000,500.0000,0.0000,0.0000,0.0000,100.0000
5,0,8,0.0010,0.0000,0.0010,0.0010,0.0000,122.9192,216.7721
5,0,9,0.0010,0.0000,0.0010,0.0010,0.0000,249.2966,453.6026
5,0,10,0.0000,0.0010,0.0011,0.0000,0.0010,0.0223,453.6224
5,0,11,0.0010,0.0000,183.3026,0.0010,0.0000,0.0010,249.9537
5,0,12,0.0000,0.0010,0.0010,0.0000,0.0010,288.0948,523.6425
5,0,13,0.0000,0.0010,0.0010,0.0000,0.0010,307.1407,815.4250
5,0,14,0.0000,0.0010,261.3830,0.0000,0.0010,0.0010,525.0002
5,0,15,0.0010,0.0000,0.0000,0.0010,0.0000,500.0000,1000.0000
5,0,16,0.0000,0.0000,0.0000,0.0000,0.0000,0.0000,1000.0000
5,0,17,0.0000,0.0000,120.0000,0.0000,0.0000,0.0000,866.6666
5,0,18,0.0000,0.0000,500.0000,0.0000,0.0000,0.0000,311.1111
5,0,19,0.0000,0.0000,0.0000,0.0000,0.0000,0.0000,311.1111
5,0,20,0.0000,0.0000,0.0000,0.0000,0.0000,0.0000,311.1111
5,0,21,0.0000,0.0000,0.0000,0.0000,0.0000,0.0001,311.1111
5,0,22,0.0000,0.0000,0.0000,0.0000,0.0000,500.0000,786.1111
5,0,23,0.0000,0.0000,257.5000,0.0000,0.0000,0.0000,500.0000
5,1,0,287.5000,0.0000,0.0000,0.0000,0.0000,0.0000,180.5555
5,1,1,0.0000,0.0000,0.0000,500.0000,0.0000,0.0000,655.5555
5,1,2,0.0000,0.0000,0.0000,0.0001,0.0000,0.0000,655.5555
5,1,3,0.0000,0.0000,0.0000,0.0000,0.0000,0.0000,655.5555
5,1,4,0.0000,0.0000,0.0000,0.0000,0.0001,0.0000,655.5556
5,1,5,0.0000,0.0000,0.0000,0.0000,0.0001,0.0000,655.5556
5,1,6,0.0000,500.0000,0.0000,0.0000,0.0000,0.0000,100.0000
5,1,7,0.0000,0.0001,0.0000,0.0000,0.0000,0.0000,100.0000
5,1,8,0.0010,0.0010,0.0000,0.0010,0.0718,0.0000,100.0669
5,1,9,0.0000,0.0010,0.0010,0.0000,1.3467,0.0010,101.3451
5,1,10,0.0000,0.0010,0.0010,0.0000,0.0912,0.0010,101.4305
5,1,11,0.0000,0.0000,0.0010,0.0000,500.0000,0.0010,576.4304
5,1,12,0.0000,0.0010,0.0010,0.0000,171.2347,0.0010,739.1021
5,1,13,0.0000,0.0010,0.0010,0.0000,274.6307,0.0010,1000.0000
5,1,14,0.0000,355.0001,0.0000,0.0000,0.0000,0.0000,605.5555
5,1,15,0.0000,72.5000,0.0000,0.0000,0.0000,0.0000,524.9999
5,1,16,0.0000,0.0000,0.0000,0.0000,500.0000,0.0000,999.9999
5,1,17,0.0000,0.0000,0.0000,0.0000,0.0000,0.0000,999.9999
5,1,18,0.0000,310.0000,0.0000,0.0000,0.0000,0.0000,655.5556
5,1,19,0.0000,0.0000,0.0000,0.0000,0.0000,0.0000,655.5556
5,1,20,0.0000,500.0000,0.0000,0.0000,0.0000,0.0000,100.0000
5,1,21,0.0000,0.0000,0.0000,0.0000,0.0000,0.0000,100.0000
5,1,22,0.0000,0.0000,0.0000,0.0000,0.0000,0.0000,100.0000
5,1,23,0.0000,0.0000,0.0000,0.0000,421.0526,0.0000,500.0000
5,2,0,0.0000,0.0000,0.0000,500.0000,0.0000,0.0000,975.0000
5,2,1,86.3722,0.0000,0.0000,0.0000,0.0000,0.0000,879.0310
5,2,2,267.2511,0.0000,0.0000,0.0000,0.0000,0.0000,582.0853
5,2,3,0.0000,0.0000,0.0000,0.0000,0.0000,0.0000,582.0853
5,2,4,0.0000,0.0000,0.0000,0.0000,0.0000,0.0000,582.0853
5,2,5,0.0000,0.0000,0.0000,0.0000,0.0000,0.0000,582.0853
5,2,6,0.0000,0.0000,78.8768,0.0000,0.0000,0.0000,494.4445
5,2,7,0.0000,0.0000,355.0000,0.0000,0.0000,0.0000,100.0000
5,2,8,0.0000,0.0010,0.0010,0.0000,0.0010,92.8876,188.2420
5,2,9,0.0000,0.0010,0.0010,0.0000,0.0010,122.5886,304.6999
5,2,10,0.0000,0.0010,0.0000,0.0000,0.0010,500.0000,779.6998
5,2,11,0.0000,0.0010,316.3365,0.0000,0.0010,0.0010,428.2155
5,2,12,0.0010,0.0000,0.0010,0.0010,0.0000,289.0641,702.8251
5,2,13,0.0000,0.0010,0.0010,0.0000,0.0010,312.8155,999.9986
5,2,14,0.0009,0.0000,0.0012,0.0009,0.0000,0.0030,1000.0000
5,2,15,0.0000,0.0000,38.2380,0.0000,0.0000,0.0000,957.5134
5,2,16,0.0000,0.0000,18.6963,0.0000,0.0000,0.0000,936.7397
5,2,17,0.0000,0.0000,500.0000,0.0000,0.0000,0.0000,381.1842
5,2,18,0.0000,0.0000,16.8426,0.0000,0.0000,0.0000,362.4702
5,2,19,0.0000,0.0000,142.4557,0.0000,0.0000,0.0000,204.1861
5,2,20,0.0000,0.0000,32.4686,0.0000,0.0000,0.0000,168.1099
5,2,21,0.0000,0.0000,61.2989,0.0000,0.0000,0.0000,100.0000
5,2,22,0.0000,0.0000,0.0000,0.0000,0.0000,0.0000,100.0000
5,2,23,0.0000,0.0000,0.0000,0.0000,0.0000,421.0526,500.0000
6,0,0,0.0000,0.0000,0.0000,500.0000,0.0000,0.0000,975.0000
6,0,1,93.6478,0.0000,0.0000,0.0000,0.0000,0.0000,870.9469
6,0,2,146.5344,0.0000,0.0000,0.0000,0.0000,0.0000,708.1309
6,0,3,0.0000,0.0000,0.0000,0.0000,0.0000,0.0000,708.1309
6,0,4,0.0000,0.0000,0.0000,0.0000,0.0000,0.0000,708.1309
6,0,5,0.0000,0.0000,0.0000,0.0000,0.0000,0.0000,708.1309
6,0,6,0.0000,0.0000,47.3178,0.0000,0.0000,0.0000,655.5556
6,0,7,0.0000,0.0000,500.0000,0.0000,0.0000,0.0000,100.0000
6,0,8,0.0012,0.0000,0.0012,0.0012,0.0000,115.1091,209.3521
6,0,9,0.0012,0.0000,0.0012,0.0012,0.0000,229.4119,427.2919
6,0,10,0.0000,0.0012,0.0015,0.0000,0.0012,0.0277,427.3163
6,0,11,0.0012,0.0000,155.5654,0.0012,0.0000,0.0012,254.4668
6,0,12,0.0000,0.0012,0.0012,0.0000,0.0012,264.5516,505.7893
6,0,13,0.0000,0.0012,0.0012,0.0000,0.0012,272.2510,764.4262
6,0,14,0.0000,0.0012,215.4843,0.0000,0.0012,0.0012,525.0002
6,0,15,0.0012,0.0000,0.0000,0.0012,0.0000,500.0000,1000.0000
6,0,16,0.0000,0.0000,0.0000,0.0000,0.0000,0.0000,1000.0000
6,0,17,0.0000,0.0000,120.0000,0.0000,0.0000,0.0000,866.6666
6,0,18,0.0000,0.0000,500.0000,0.0000,0.0000,0.0000,311.1111
6,0,19,0.0000,0.0000,0.0000,0.0000,0.0000,0.0000,311.1111
6,0,20,0.0000,0.0000,0.0000,0.0000,0.0000,0.0000,311.1111
6,0,21,0.0000,0.0000,0.0000,0.0000,0.0000,0.0001,311.1111
6,0,22,0.0000,0.0000,0.0000,0.0000,0.0000,500.0000,786.1111
6,0,23,0.0000,0.0000,257.5000,0.0000,0.0000,0.0000,500.0000
6,1,0,287.5000,0.0000,0.0000,0.0000,0.0000,0.0000,180.5555
6,1,1,0.0000,0.0000,0.0000,500.0000,0.0000,0.0000,655.5555
6,1,2,0.0000,0.0000,0.0000,0.0001,0.0000,0.0000,655.5556
6,1,3,0.0000,0.0000,0.0000,0.0000,0.0000,0.0000,655.5556
6,1,4,0.0000,0.0000,0.0000,0.0000,0.0001,0.0000,655.5556
6,1,5,0.0000,0.0000,0.0000,0.0000,0.0001,0.0000,655.5556
6,1,6,0.0000,500.0000,0.0000,0.0000,0.0000,0.0000,100.0001
6,1,7,0.0000,0.0001,0.0000,0.0000,0.0000,0.0000,100.0000
6,1,8,0.0012,0.0012,0.0000,0.0012,0.0855,0.0000,100.0797
6,1,9,0.0000,0.0012,0.0012,0.0000,0.2614,0.0012,100.3264
6,1,10,0.0000,0.0012,0.0012,0.0000,0.1462,0.0012,100.4638
6,1,11,0.0000,0.0000,0.0012,0.0000,500.0000,0.0012,575.4636
6,1,12,0.0000,0.0012,0.0012,0.0000,176.1167,0.0012,742.7729
6,1,13,0.0000,0.0012,0.0012,0.0000,270.7670,0.0012,1000.0000
6,1,14,0.0000,355.0001,0.0000,0.0000,0.0000,0.0000,605.5555
6,1,15,0.0000,72.5000,0.0000,0.0000,0.0000,0.0000,524.9999
6,1,16,0.0000,0.0000,0.0000,0.0000,500.0000,0.0000,999.9999
6,1,17,0.0000,0.0000,0.0000,0.0000,0.0000,0.0000,999.9999
6,1,18,0.0000,309.9999,0.0000,0.0000,0.0000,0.0000,655.5556
6,1,19,0.0000,0.0000,0.0000,0.0000,0.0000,0.0000,655.5556
6,1,20,0.0000,500.0000,0.0000,0.0000,0.0000,0.0000,100.0000
6,1,21,0.0000,0.0000,0.0000,0.0000,0.0000,0.0000,100.0000
6,1,22,0.0000,0.0000,0.0000,0.0000,0.0000,0.0000,100.0000
6,1,23,0.0000,0.0000,0.0000,0.0000,421.0526,0.0000,500.0000
6,2,0,0.0000,0.0000,0.0000,500.0000,0.0000,0.0000,975.0000
6,2,1,99.6776,0.0000,0.0000,0.0000,0.0000,0.0000,864.2471
6,2,2,248.2017,0.0000,0.0000,0.0000,0.0000,0.0000,588.4674
6,2,3,0.0000,0.0000,0.0000,0.0000,0.0000,0.0000,588.4674
6,2,4,0.0000,0.0000,0.0000,0.0000,0.0000,0.0000,588.4674
6,2,5,0.0000,0.0000,0.0000,0.0000,0.0000,0.0000,588.4674
6,2,6,0.0000,0.0000,84.6207,0.0000,0.0000,0.0000,494.4445
6,2,7,0.0000,0.0000,355.0000,0.0000,0.0000,0.0000,100.0000
6,2,8,0.0000,0.0012,0.0012,0.0000,0.0012,88.6983,184.2619
6,2,9,0.0000,0.0012,0.0012,0.0000,0.0012,115.6567,294.1342
6,2,10,0.0000,0.0012,0.0000,0.0000,0.0012,500.0000,769.1340
6,2,11,0.0000,0.0012,277.2234,0.0000,0.0012,0.0012,461.1089
6,2,12,0.0012,0.0000,0.0012,0.0012,0.0000,272.1778,719.6763
6,2,13,0.0000,0.0012,0.0012,0.0000,0.0012,295.0774,999.9983
6,2,14,0.0011,0.0000,0.0015,0.0011,0.0000,0.0037,1000.0000
6,2,15,0.0000,0.0000,25.9737,0.0000,0.0000,0.0000,971.1403
6,2,16,0.0000,0.0000,21.7434,0.0000,0.0000,0.0000,946.9810
6,2,17,0.0000,0.0000,500.0000,0.0000,0.0000,0.0000,391.4254
6,2,18,0.0000,0.0000,18.2219,0.0000,0.0000,0.0000,371.1789
6,2,19,0.0000,0.0000,144.5434,0.0000,0.0000,0.0000,210.5751
6,2,20,0.0000,0.0000,34.1408,0.0000,0.0000,0.0000,172.6409
6,2,21,0.0000,0.0000,65.3768,0.0000,0.0000,0.0000,100.0000
6,2,22,0.0000,0.0000,0.0000,0.0000,0.0000,0.0000,100.0000
6,2,23,0.0000,0.0000,0.0000,0.0000,0.0000,421.0526,500.0000
7,0,0,0.0000,0.0000,0.0000,500.0000,0.0000,0.0000,975.0000
7,0,1,79.0233,0.0000,0.0000,0.0000,0.0000,0.0000,887.1964
7,0,2,160.7252,0.0000,0.0000,0.0000,0.0000,0.0000,708.6128
7,0,3,0.0000,0.0000,0.0000,0.0000,0.0000,0.0000,708.6128
7,0,4,0.0000,0.0000,0.0000,0.0000,0.0000,0.0000,708.6128
7,0,5,0.0000,0.0000,0.0000,0.0000,0.0000,0.0000,708.6128
7,0,6,0.0000,0.0000,47.7515,0.0000,0.0000,0.0000,655.5556
7,0,7,0.0000,0.0000,500.0000,0.0000,0.0000,0.0000,100.0000
7,0,8,0.0008,0.0000,0.0008,0.0008,0.0000,143.6623,236.4781
7,0,9,0.0008,0.0000,0.0008,0.0008,0.0000,287.8815,509.9645
7,0,10,0.0000,0.0008,0.0009,0.0000,0.0008,0.0270,509.9890
7,0,11,0.0008,0.0000,201.2897,0.0008,0.0000,0.0008,286.3344
7,0,12,0.0000,0.0008,0.0008,0.0000,0.0008,322.7055,592.9036
7,0,13,0.0000,0.0008,0.0008,0.0000,0.0008,342.0322,917.8331
7,0,14,0.0000,0.0008,353.5503,0.0000,0.0008,0.0008,525.0001
7,0,15,0.0008,0.0000,0.0000,0.0008,0.0000,500.0000,1000.0000
7,0,16,0.0000,0.0000,0.0000,0.0000,0.0000,0.0000,1000.0000
7,0,17,0.0000,0.0000,120.0000,0.0000,0.0000,0.0000,866.6666
7,0,18,0.0000,0.0000,500.0000,0.0000,0.0000,0.0000,311.1111
7,0,19,0.0000,0.0000,0.0000,0.0000,0.0000,0.0000,311.1111
7,0,20,0.0000,0.0000,0.0000,0.0000,0.0000,0.0000,311.1111
7,0,21,0.0000,0.0000,0.0000,0.0000,0.0000,0.0000,311.1111
7,0,22,0.0000,0.0000,0.0000,0.0000,0.0000,500.0000,786.1111
7,0,23,0.0000,0.0000,257.5000,0.0000,0.0000,0.0000,500.0000
7,1,0,287.5000,0.0000,0.0000,0.0000,0.0000,0.0000,180.5555
7,1,1,0.0000,0.0000,0.0000,500.0000,0.0000,0.0000,655.5555
7,1,2,0.0000,0.0000,0.0000,0.0000,0.0000,0.0000,655.5556
7,1,3,0.0000,0.0000,0.0000,0.0000,0.0000,0.0000,655.5556
7,1,4,0.0000,0.0000,0.0000,0.0000,0.0001,0.0000,655.5556
7,1,5,0.0000,0.0000,0.0000,0.0000,0.0000,0.0000,655.5556
7,1,6,0.0000,500.0000,0.0000,0.0000,0.0000,0.0000,100.0000
7,1,7,0.0000,0.0001,0.0000,0.0000,0.0000,0.0000,100.0000
7,1,8,0.0008,0.0008,0.0000,0.0008,0.1359,0.0000,100.1280
7,1,9,0.0000,0.0008,0.0008,0.0000,58.0232,0.0008,155.2490
7,1,10,0.0000,0.0009,0.0008,0.0000,5.6033,0.0008,160.5710
7,1,11,0.0000,0.0000,0.0008,0.0000,500.0000,0.0008,635.5708
7,1,12,0.0000,0.0008,0.0008,0.0000,143.2241,0.0008,771.6327
7,1,13,0.0000,0.0008,0.0008,0.0000,240.3878,0.0008,1000.0000
7,1,14,0.0000,355.0001,0.0000,0.0000,0.0000,0.0000,605.5555
7,1,15,0.0000,72.5000,0.0000,0.0000,0.0000,0.0000,524.9999
7,1,16,0.0000,0.0000,0.0000,0.0000,500.0000,0.0000,999.9999
7,1,17,0.0000,0.0000,0.0000,0.0000,0.0000,0.0000,999.9999
7,1,18,0.0000,310.0000,0.0000,0.0000,0.0000,0.0000,655.5556
7,1,19,0.0000,0.0000,0.0000,0.0000,0.0000,0.0000,655.5556
7,1,20,0.0000,500.0000,0.0000,0.0000,0.0000,0.0000,100.0000
7,1,21,0.0000,0.0000,0.0000,0.0000,0.0000,0.0000,100.0000
7,1,22,0.0000,0.0000,0.0000,0.0000,0.0000,0.0000,100.0000
7,1,23,0.0000,0.0000,0.0000,0.0000,421.0526,0.0000,500.0000
7,2,0,0.0000,0.0000,0.0000,500.0000,0.0000,0.0000,975.0000
7,2,1,83.2067,0.0000,0.0000,0.0000,0.0000,0.0000,882.5481
7,2,2,264.5542,0.0000,0.0000,0.0000,0.0000,0.0000,588.5990
7,2,3,0.0000,0.0000,0.0000,0.0000,0.0000,0.0000,588.5990
7,2,4,0.0000,0.0000,0.0000,0.0000,0.0000,0.0000,588.5990
7,2,5,0.0000,0.0000,0.0000,0.0000,0.0000,0.0000,588.5990
7,2,6,0.0000,0.0000,84.7391,0.0000,0.0000,0.0000,494.4445
7,2,7,0.0000,0.0000,355.0000,0.0000,0.0000,0.0000,100.0000
7,2,8,0.0000,0.0008,0.0008,0.0000,0.0008,103.8471,198.6537
7,2,9,0.0000,0.0008,0.0008,0.0000,0.0008,139.5016,331.1791
7,2,10,0.0000,0.0008,0.0000,0.0000,0.0008,500.0000,806.1790
7,2,11,0.0000,0.0008,334.4076,0.0000,0.0008,0.0008,434.6156
7,2,12,0.0008,0.0000,0.0008,0.0008,0.0000,290.4494,710.5415
7,2,13,0.0000,0.0008,0.0008,0.0000,0.0008,304.6931,999.9988
7,2,14,0.0008,0.0000,0.0011,0.0008,0.0000,0.0026,1000.0000
7,2,15,0.0000,0.0000,36.5427,0.0000,0.0000,0.0000,959.3970
7,2,16,0.0000,0.0000,18.5812,0.0000,0.0000,0.0000,938.7513
7,2,17,0.0000,0.0000,500.0000,0.0000,0.0000,0.0000,383.1957
7,2,18,0.0000,0.0000,17.0565,0.0000,0.0000,0.0000,364.2440
7,2,19,0.0000,0.0000,143.0513,0.0000,0.0000,0.0000,205.2981
7,2,20,0.0000,0.0000,32.3595,0.0000,0.0000,0.0000,169.3432
7,2,21,0.0000,0.0000,62.4088,0.0000,0.0000,0.0000,100.0000
7,2,22,0.0000,0.0000,0.0000,0.0000,0.0000,0.0000,100.0000
7,2,23,0.0000,0.0000,0.0000,0.0000,0.0000,421.0526,500.0000
8,0,0,0.0000,0.0000,0.0000,500.0000,0.0000,0.0000,975.0000
8,0,1,81.3078,0.0000,0.0000,0.0000,0.0000,0.0000,884.6580
8,0,2,158.6701,0.0000,0.0000,0.0000,0.0000,0.0000,708.3579
8,0,3,0.0000,0.0000,0.0000,0.0000,0.0000,0.0000,708.3578
8,0,4,0.0000,0.0000,0.0000,0.0000,0.0000,0.0000,708.3578
8,0,5,0.0000,0.0000,0.0000,0.0000,0.0000,0.0000,708.3578
8,0,6,0.0000,0.0000,47.5221,0.0000,0.0000,0.0000,655.5556
8,0,7,0.0000,0.0000,500.0000,0.0000,0.0000,0.0000,100.0000
8,0,8,0.0009,0.0000,0.0009,0.0009,0.0000,148.6286,241.1960
8,0,9,0.0009,0.0000,0.0009,0.0009,0.0000,260.5311,488.6994
8,0,10,0.0000,0.0009,0.0010,0.0000,0.0009,0.0223,488.7193
8,0,11,0.0009,0.0000,148.6605,0.0009,0.0000,0.0009,323.5417
8,0,12,0.0000,0.0009,0.0009,0.0000,0.0009,341.3945,647.8653
8,0,13,0.0000,0.0009,0.0009,0.0000,0.0009,370.6693,1000.0000
8,0,14,0.0000,0.0000,427.5000,0.0000,0.0000,0.0000,525.0000
8,0,15,0.0000,0.0000,0.0000,0.0000,0.0000,500.0000,1000.0000
8,0,16,0.0000,0.0000,0.0000,0.0000,0.0000,0.0000,1000.0000
8,0,17,0.0000,0.0000,120.0000,0.0000,0.0000,0.0000,866.6666
8,0,18,0.0000,0.0000,500.0000,0.0000,0.0000,0.0000,311.1111
8,0,19,0.0000,0.0000,0.0000,0.0000,0.0000,0.0000,311.1111
8,0,20,0.0000,0.0000,0.0000,0.0000,0.0000,0.0000,311.1111
8,0,21,0.0000,0.0000,0.0000,0.0000,0.0000,0.0001,311.1111
8,0,22,0.0000,0.0000,0.0000,0.0000,0.0000,500.0000,786.1111
8,0,23,0.0000,0.0000,257.5000,0.0000,0.0000,0.0000,500.0000
8,1,0,287.5000,0.0000,0.0000,0.0000,0.0000,0.0000,180.5555
8,1,1,0.0000,0.0000,0.0000,500.0000,0.0000,0.0000,655.5555
8,1,2,0.0000,0.0000,0.0000,0.0001,0.0000,0.0000,655.5555
8,1,3,0.0000,0.0000,0.0000,0.0000,0.0000,0.0000,655.5555
8,1,4,0.0000,0.0000,0.0000,0.0000,0.0001,0.0000,655.5556
8,1,5,0.0000,0.0000,0.0000,0.0000,0.0001,0.0000,655.5556
8,1,6,0.0000,500.0000,0.0000,0.0000,0.0000,0.0000,100.0000
8,1,7,0.0000,0.0001,0.0000,0.0000,0.0000,0.0000,100.0000
8,1,8,0.0009,0.0009,0.0000,0.0009,0.0674,0.0000,100.0628
8,1,9,0.0000,0.0009,0.0009,0.0000,0.2065,0.0009,100.2578
8,1,10,0.0000,0.0009,0.0009,0.0000,0.1168,0.0009,100.3675
8,1,11,0.0000,0.0000,0.0009,0.0000,500.0000,0.0009,575.3674
8,1,12,0.0000,0.0009,0.0009,0.0000,176.5137,0.0009,743.0542
8,1,13,0.0000,0.0009,0.0009,0.0000,270.4705,0.0009,1000.0000
8,1,14,0.0000,355.0001,0.0000,0.0000,0.0000,0.0000,605.5555
8,1,15,0.0000,72.5000,0.0000,0.0000,0.0000,0.0000,524.9999
8,1,16,0.0000,0.0000,0.0000,0.0000,500.0000,0.0000,999.9999
8,1,17,0.0000,0.0000,0.0000,0.0000,0.0000,0.0000,999.9999
8,1,18,0.0000,310.0000,0.0000,0.0000,0.0000,0.0000,655.5556
8,1,19,0.0000,0.0000,0.0000,0.0000,0.0000,0.0000,655.5556
8,1,20,0.0000,500.0000,0.0000,0.0000,0.0000,0.0000,100.0000
8,1,21,0.0000,0.0000,0.0000,0.0000,0.0000,0.0000,100.0000
8,1,22,0.0000,0.0000,0.0000,0.0000,0.0000,0.0000,100.0000
8,1,23,0.0000,0.0000,0.0000,0.0000,421.0526,0.0000,500.0000
8,2,0,0.0000,0.0000,0.0000,500.0000,0.0000,0.0000,975.0000
8,2,1,85.6887,0.0000,0.0000,0.0000,0.0000,0.0000,879.7904
8,2,2,262.4861,0.0000,0.0000,0.0000,0.0000,0.0000,588.1392
8,2,3,0.0000,0.0000,0.0000,0.0000,0.0000,0.0000,588.1392
8,2,4,0.0000,0.0000,0.0000,0.0000,0.0000,0.0000,588.1392
8,2,5,0.0000,0.0000,0.0000,0.0000,0.0000,0.0000,588.1392
8,2,6,0.0000,0.0000,84.3252,0.0000,0.0000,0.0000,494.4445
8,2,7,0.0000,0.0000,355.0000,0.0000,0.0000,0.0000,100.0000
8,2,8,0.0000,0.0009,0.0009,0.0000,0.0009,104.5665,199.3370
8,2,9,0.0000,0.0009,0.0009,0.0000,0.0009,120.5310,313.8403
8,2,10,0.0000,0.0009,0.0000,0.0000,0.0009,500.0000,788.8401
8,2,11,0.0000,0.0009,299.7253,0.0000,0.0009,0.0009,455.8128
8,2,12,0.0009,0.0000,0.0009,0.0009,0.0000,270.7163,712.9921
8,2,13,0.0000,0.0009,0.0009,0.0000,0.0009,302.1148,1000.0000
8,2,14,0.0000,0.0000,0.0000,0.0000,0.0000,0.0001,1000.0000
8,2,15,0.0000,0.0000,34.4369,0.0000,0.0000,0.0000,961.7368
8,2,16,0.0000,0.0000,2.1431,0.0000,0.0000,0.0000,959.3556
8,2,17,0.0000,0.0000,500.0000,0.0000,0.0000,0.0000,403.8001
8,2,18,0.0000,0.0000,19.0386,0.0000,0.0000,0.0000,382.6461
8,2,19,0.0000,0.0000,146.8363,0.0000,0.0000,0.0000,219.4947
8,2,20,0.0000,0.0000,37.4798,0.0000,0.0000,0.0000,177.8506
8,2,21,0.0000,0.0000,70.0655,0.0000,0.0000,0.0000,100.0000
8,2,22,0.0000,0.0000,0.0000,0.0000,0.0000,0.0000,100.0000
8,2,23,0.0000,0.0000,0.0000,0.0000,0.0000,421.0526,500.0000
9,0,0,0.0000,0.0000,0.0000,500.0000,0.0000,0.0000,975.0000
9,0,1,90.2826,0.0000,0.0000,0.0000,0.0000,0.0000,874.6861
9,0,2,146.5864,0.0000,0.0000,0.0000,0.0000,0.0000,711.8123
9,0,3,0.0000,0.0000,0.0000,0.0000,0.0000,0.0000,711.8123
9,0,4,0.0000,0.0000,0.0000,0.0000,0.0000,0.0000,711.8123
9,0,5,0.0000,0.0000,0.0000,0.0000,0.0000,0.0000,711.8123
9,0,6,0.0000,0.0000,50.6311,0.0000,0.0000,0.0000,655.5556
9,0,7,0.0000,0.0000,500.0000,0.0000,0.0000,0.0000,100.0000
9,0,8,0.0007,0.0000,0.0007,0.0007,0.0000,119.9250,213.9278
9,0,9,0.0007,0.0000,0.0007,0.0007,0.0000,283.7400,483.4799
9,0,10,0.0000,0.0007,0.0008,0.0000,0.0007,0.0253,483.5030
9,0,11,0.0007,0.0000,144.0061,0.0007,0.0000,0.0007,323.4967
9,0,12,0.0000,0.0007,0.0007,0.0000,0.0007,265.8753,576.0773
9,0,13,0.0000,0.0007,0.0007,0.0000,0.0007,287.8424,849.5266
9,0,14,0.0000,0.0007,292.0744,0.0000,0.0007,0.0007,525.0001
9,0,15,0.0007,0.0000,0.0000,0.0007,0.0000,500.0000,1000.0000
9,0,16,0.0000,0.0000,0.0000,0.0000,0.0000,0.0000,1000.0000
9,0,17,0.0000,0.0000,120.0000,0.0000,0.0000,0.0000,866.6666
9,0,18,0.0000,0.0000,500.0000,0.0000,0.0000,0.0000,311.1111
9,0,19,0.0000,0.0000,0.0000,0.0000,0.0000,0.0000,311.1111
9,0,20,0.0000,0.0000,0.0000,0.0000,0.0000,0.0000,311.1111
9,0,21,0.0000,0.0000,0.0000,0.0000,0.0000,0.0000,311.1111
9,0,22,0.0000,0.0000,0.0000,0.0000,0.0000,500.0000,786.1111
9,0,23,0.0000,0.0000,257.5000,0.0000,0.0000,0.0000,500.0000
9,1,0,287.5000,0.0000,0.0000,0.0000,0.0000,0.0000,180.5555
9,1,1,0.0000,0.0000,0.0000,500.0000,0.0000,0.0000,655.5555
9,1,2,0.0000,0.0000,0.0000,0.0000,0.0000,0.0000,655.5555
9,1,3,0.0000,0.0000,0.0000,0.0000,0.0000,0.0000,655.5555
9,1,4,0.0000,0.0000,0.0000,0.0000,0.0001,0.0000,655.5556
9,1,5,0.0000,0.0000,0.0000,0.0000,0.0000,0.0000,655.5556
9,1,6,0.0000,500.0000,0.0000,0.0000,0.0000,0.0000,100.0000
9,1,7,0.0000,0.0000,0.0000,0.0000,0.0000,0.0000,100.0000
9,1,8,0.0007,0.0007,0.0000,0.0007,0.0293,0.0000,100.0269
9,1,9,0.0000,0.0007,0.0007,0.0000,83.8960,0.0007,179.7272
9,1,10,0.0000,0.0007,0.0007,0.0000,19.2892,0.0007,198.0510
9,1,11,0.0000,0.0000,0.0007,0.0000,500.0000,0.0007,673.0509
9,1,12,0.0000,0.0007,0.0007,0.0000,130.7211,0.0007,797.2351
9,1,13,0.0000,0.0007,0.0007,0.0000,213.4377,0.0007,1000.0000
9,1,14,0.0000,355.0001,0.0000,0.0000,0.0000,0.0000,605.5555
9,1,15,0.0000,72.5000,0.0000,0.0000,0.0000,0.0000,525.0000
9,1,16,0.0000,0.0000,0.0000,0.0000,500.0000,0.0000,1000.0000
9,1,17,0.0000,0.0000,0.0000,0.0000,0.0000,0.0000,1000.0000
9,1,18,0.0000,310.0000,0.0000,0.0000,0.0000,0.0000,655.5556
9,1,19,0.0000,0.0000,0.0000,0.0000,0.0000,0.0000,655.5556
9,1,20,0.0000,500.0000,0.0000,0.0000,0.0000,0.0000,100.0000
9,1,21,0.0000,0.0000,0.0000,0.0000,0.0000,0.0000,100.0000
9,1,22,0.0000,0.0000,0.0000,0.0000,0.0000,0.0000,100.0000
9,1,23,0.0000,0.0000,0.0000,0.0000,421.0526,0.0000,500.0000
9,2,0,0.0000,0.0000,0.0000,500.0000,0.0000,0.0000,975.0000
9,2,1,95.4336,0.0000,0.0000,0.0000,0.0000,0.0000,868.9627
9,2,2,243.7404,0.0000,0.0000,0.0000,0.0000,0.0000,598.1400
9,2,3,0.0000,0.0000,0.0000,0.0000,0.0000,0.0000,598.1400
9,2,4,0.0000,0.0000,0.0000,0.0000,0.0000,0.0000,598.1400
9,2,5,0.0000,0.0000,0.0000,0.0000,0.0000,0.0000,598.1400
9,2,6,0.0000,0.0000,93.3260,0.0000,0.0000,0.0000,494.4445
9,2,7,0.0000,0.0000,355.0000,0.0000,0.0000,0.0000,100.0000
9,2,8,0.0000,0.0007,0.0007,0.0000,0.0007,91.6284,187.0460
9,2,9,0.0000,0.0007,0.0007,0.0000,0.0007,142.2816,322.2126
9,2,10,0.0000,0.0007,0.0000,0.0000,0.0007,500.0000,797.2125
9,2,11,0.0000,0.0007,251.2569,0.0000,0.0007,0.0007,518.0387
9,2,12,0.0007,0.0000,0.0007,0.0007,0.0000,237.6907,743.8440
9,2,13,0.0000,0.0007,0.0007,0.0000,0.0007,269.6378,999.9990
9,2,14,0.0006,0.0000,0.0009,0.0006,0.0000,0.0022,1000.0000
9,2,15,0.0000,0.0000,14.2856,0.0000,0.0000,0.0000,984.1271
9,2,16,0.0000,0.0000,0.0000,0.0000,0.0000,0.0000,984.1271
9,2,17,0.0000,0.0000,500.0000,0.0000,0.0000,0.0000,428.5716
9,2,18,0.0000,0.0000,22.0123,0.0000,0.0000,0.0000,404.1135
9,2,19,0.0000,0.0000,151.3115,0.0000,0.0000,0.0000,235.9896
9,2,20,0.0000,0.0000,44.1040,0.0000,0.0000,0.0000,186.9852
9,2,21,0.0000,0.0000,78.2867,0.0000,0.0000,0.0000,100.0000
9,2,22,0.0000,0.0000,0.0000,0.0000,0.0000,0.0000,100.0000
9,2,23,0.0000,0.0000,0.0000,0.0000,0.0000,421.0526,500.0000
10,0,0,0.0000,0.0000,0.0000,500.0000,0.0000,0.0000,975.0000
10,0,1,76.5080,0.0000,0.0000,0.0000,0.0000,0.0000,889.9911
10,0,2,164.8327,0.0000,0.0000,0.0000,0.0000,0.0000,706.8437
10,0,3,0.0000,0.0000,0.0000,0.0000,0.0000,0.0000,706.8437
10,0,4,0.0000,0.0000,0.0000,0.0000,0.0000,0.0000,706.8437
10,0,5,0.0000,0.0000,0.0000,0.0000,0.0000,0.0000,706.8437
10,0,6,0.0000,0.0000,46.1593,0.0000,0.0000,0.0000,655.5556
10,0,7,0.0000,0.0000,500.0000,0.0000,0.0000,0.0000,100.0000
10,0,8,0.0011,0.0000,0.0011,0.0011,0.0000,133.3977,226.7264
10,0,9,0.0011,0.0000,0.0011,0.0011,0.0000,237.7304,452.5689
10,0,10,0.0000,0.0011,0.0011,0.0000,0.0011,0.0275,452.5937
10,0,11,0.0011,0.0000,156.7409,0.0011,0.0000,0.0011,278.4380
10,0,12,0.0000,0.0011,0.0011,0.0000,0.0011,368.4917,628.5037
10,0,13,0.0000,0.0011,0.0011,0.0000,0.0011,391.0502,1000.0000
10,0,14,0.0000,0.0000,427.5000,0.0000,0.0000,0.0000,525.0000
10,0,15,0.0000,0.0000,0.0000,0.0000,0.0000,500.0000,1000.0000
10,0,16,0.0000,0.0000,0.0000,0.0000,0.0000,0.0000,1000.0000
10,0,17,0.0000,0.0000,120.0000,0.0000,0.0000,0.0000,866.6666
10,0,18,0.0000,0.0000,500.0000,0.0000,0.0000,0.0000,311.1111
10,0,19,0.0000,0.0000,0.0000,0.0000,0.0000,0.0000,311.1111
10,0,20,0.0000,0.0000,0.0000,0.0000,0.0000,0.0000,311.1111
10,0,21,0.0000,0.0000,0.0000,0.0000,0.0000,0.0001,311.1111
10,0,22,0.0000,0.0000,0.0000,0.0000,0.0000,500.0000,786.1111
10,0,23,0.0000,0.0000,257.5000,0.0000,0.0000,0.0000,500.0000
10,1,0,287.5000,0.0000,0.0000,0.0000,0.0000,0.0000,180.5555
10,1,1,0.0000,0.0000,0.0000,500.0000,0.0000,0.0000,655.5555
10,1,2,0.0000,0.0000,0.0000,0.0001,0.0000,0.0000,655.5555
10,1,3,0.0000,0.0000,0.0000,0.0000,0.0000,0.0000,655.5555
10,1,4,0.0000,0.0000,0.0000,0.0000,0.0001,0.0000,655.5556
10,1,5,0.0000,0.0000,0.0000,0.0000,0.0001,0.0000,655.5556
10,1,6,0.0000,500.0000,0.0000,0.0000,0.0000,0.0000,100.0001
10,1,7,0.0000,0.0001,0.0000,0.0000,0.0000,0.0000,100.0000
10,1,8,0.0011,0.0011,0.0000,0.0011,0.3001,0.0000,100.2838
10,1,9,0.0000,0.0011,0.0011,0.0000,0.1772,0.0011,100.4507
10,1,10,0.0000,0.0011,0.0011,0.0000,0.1291,0.0011,100.5720
10,1,11,0.0000,0.0000,0.0011,0.0000,500.0000,0.0011,575.5718
10,1,12,0.0000,0.0011,0.0011,0.0000,187.5318,0.0011,753.7256
10,1,13,0.0000,0.0011,0.0011,0.0000,259.2376,0.0011,1000.0000
10,1,14,0.0000,355.0001,0.0000,0.0000,0.0000,0.0000,605.5554
10,1,15,0.0000,72.5000,0.0000,0.0000,0.0000,0.0000,524.9999
10,1,16,0.0000,0.0000,0.0000,0.0000,500.0000,0.0000,999.9999
10,1,17,0.0000,0.0000,0.0000,0.0000,0.0000,0.0000,999.9999
10,1,18,0.0000,309.9999,0.0000,0.0000,0.0000,0.0000,655.5556
10,1,19,0.0000,0.0000,0.0000,0.0000,0.0000,0.0000,655.5556
10,1,20,0.0000,500.0000,0.0000,0.0000,0.0000,0.0000,100.0000
10,1,21,0.0000,0.0000,0.0000,0.0000,0.0000,0.0000,100.0000
10,1,22,0.0000,0.0000,0.0000,0.0000,0.0000,0.0000,100.0000
10,1,23,0.0000,0.0000,0.0000,0.0000,421.0526,0.0000,500.0000
10,2,0,0.0000,0.0000,0.0000,500.0000,0.0000,0.0000,975.0000
10,2,1,80.9357,0.0000,0.0000,0.0000,0.0000,0.0000,885.0715
10,2,2,271.4857,0.0000,0.0000,0.0000,0.0000,0.0000,583.4207
10,2,3,0.0000,0.0000,0.0000,0.0000,0.0000,0.0000,583.4207
10,2,4,0.0000,0.0000,0.0000,0.0000,0.0000,0.0000,583.4207
10,2,5,0.0000,0.0000,0.0000,0.0000,0.0000,0.0000,583.4207
10,2,6,0.0000,0.0000,80.0786,0.0000,0.0000,0.0000,494.4445
10,2,7,0.0000,0.0000,355.0000,0.0000,0.0000,0.0000,100.0000
10,2,8,0.0000,0.0011,0.0011,0.0000,0.0011,94.3924,189.6714
10,2,9,0.0000,0.0011,0.0011,0.0000,0.0011,106.1756,290.5369
10,2,10,0.0000,0.0011,0.0000,0.0000,0.0011,500.0000,765.5367
10,2,11,0.0000,0.0011,334.3272,0.0000,0.0011,0.0011,394.0629
10,2,12,0.0011,0.0000,0.0011,0.0011,0.0000,305.5021,684.2885
10,2,13,0.0000,0.0011,0.0011,0.0000,0.0011,332.3293,1000.0000
10,2,14,0.0000,0.0000,0.0001,0.0000,0.0000,0.0001,1000.0000
10,2,15,0.0000,0.0000,42.1989,0.0000,0.0000,0.0000,953.1124
10,2,16,0.0000,0.0000,14.7973,0.0000,0.0000,0.0000,936.6709
10,2,17,0.0000,0.0000,500.0000,0.0000,0.0000,0.0000,381.1154
10,2,18,0.0000,0.0000,16.5985,0.0000,0.0000,0.0000,362.6726
10,2,19,0.0000,0.0000,142.5402,0.0000,0.0000,0.0000,204.2946
10,2,20,0.0000,0.0000,32.4900,0.0000,0.0000,0.0000,168.1946
10,2,21,0.0000,0.0000,61.3751,0.0000,0.0000,0.0000,100.0000
10,2,22,0.0000,0.0000,0.0000,0.0000,0.0000,0.0000,100.0000
10,2,23,0.0000,0.0000,0.0000,0.0000,0.0000,421.0526,500.0000
11,0,0,0.0000,0.0000,0.0000,500.0000,0.0000,0.0000,975.0000
11,0,1,89.7155,0.0000,0.0000,0.0000,0.0000,0.0000,875.3161
11,0,2,145.2117,0.0000,0.0000,0.0000,0.0000,0.0000,713.9698
11,0,3,0.0000,0.0000,0.0000,0.0000,0.0000,0.0000,713.9698
11,0,4,0.0000,0.0000,0.0000,0.0000,0.0000,0.0000,713.9698
11,0,5,0.0000,0.0000,0.0000,0.0000,0.0000,0.0000,713.9698
11,0,6,0.0000,0.0000,52.5729,0.0000,0.0000,0.0000,655.5556
11,0,7,0.0000,0.0000,500.0000,0.0000,0.0000,0.0000,100.0000
11,0,8,0.0012,0.0000,0.0012,0.0012,0.0000,130.1523,223.6431
11,0,9,0.0012,0.0000,0.0012,0.0012,0.0000,292.7195,501.7252
11,0,10,0.0000,0.0012,0.0013,0.0000,0.0012,0.0423,501.7637
11,0,11,0.0012,0.0000,122.7896,0.0012,0.0000,0.0012,365.3317
11,0,12,0.0000,0.0012,0.0012,0.0000,0.0012,304.7462,654.8391
11,0,13,0.0000,0.0012,0.0012,0.0000,0.0012,343.7427,981.3931
11,0,14,0.0000,0.0012,410.7545,0.0000,0.0012,0.0012,525.0002
11,0,15,0.0012,0.0000,0.0000,0.0012,0.0000,500.0000,1000.0000
11,0,16,0.0000,0.0000,0.0000,0.0000,0.0000,0.0000,1000.0000
11,0,17,0.0000,0.0000,120.0000,0.0000,0.0000,0.0000,866.6666
11,0,18,0.0000,0.0000,500.0000,0.0000,0.0000,0.0000,311.1111
11,0,19,0.0000,0.0000,0.0000,0.0000,0.0000,0.0000,311.1111
11,0,20,0.0000,0.0000,0.0000,0.0000,0.0000,0.0000,311.1111
11,0,21,0.0000,0.0000,0.0000,0.0000,0.0000,0.0001,311.1111
11,0,22,0.0000,0.0000,0.0000,0.0000,0.0000,500.0000,786.1111
11,0,23,0.0000,0.0000,257.5000,0.0000,0.0000,0.0000,500.0000
11,1,0,287.5000,0.0000,0.0000,0.0000,0.0000,0.0000,180.5555
11,1,1,0.0000,0.0000,0.0000,500.0000,0.0000,0.0000,655.5555
11,1,2,0.0000,0.0000,0.0000,0.0001,0.0000,0.0000,655.5556
11,1,3,0.0000,0.0000,0.0000,0.0000,0.0000,0.0000,655.5556
11,1,4,0.0000,0.0000,0.0000,0.0000,0.0001,0.0000,655.5556
11,1,5,0.0000,0.0000,0.0000,0.0000,0.0001,0.0000,655.5556
11,1,6,0.0000,500.0000,0.0000,0.0000,0.0000,0.0000,100.0001
11,1,7,0.0000,0.0001,0.0000,0.0000,0.0000,0.0000,100.0000
11,1,8,0.0012,0.0012,0.0000,0.0012,0.2801,0.0000,100.2646
11,1,9,0.0000,0.0012,0.0012,0.0000,94.3641,0.0012,189.9090
11,1,10,0.0000,0.0012,0.0012,0.0000,36.7783,0.0012,224.8469
11,1,11,0.0000,0.0000,0.0012,0.0000,500.0000,0.0012,699.8467
11,1,12,0.0000,0.0012,0.0012,0.0000,112.0356,0.0012,806.2790
11,1,13,0.0000,0.0012,0.0012,0.0000,203.9185,0.0012,1000.0000
11,1,14,0.0000,355.0001,0.0000,0.0000,0.0000,0.0000,605.5554
11,1,15,0.0000,72.5000,0.0000,0.0000,0.0000,0.0000,524.9999
11,1,16,0.0000,0.0000,0.0000,0.0000,500.0000,0.0000,999.9999
11,1,17,0.0000,0.0000,0.0000,0.0000,0.0000,0.0000,999.9999
11,1,18,0.0000,309.9999,0.0000,0.0000,0.0000,0.0000,655.5556
11,1,19,0.0000,0.0000,0.0000,0.0000,0.0000,0.0000,655.5556
11,1,20,0.0000,500.0000,0.0000,0.0000,0.0000,0.0000,100.0000
11,1,21,0.0000,0.0000,0.0000,0.0000,0.0000,0.0000,100.0000
11,1,22,0.0000,0.0000,0.0000,0.0000,0.0000,0.0000,100.0000
11,1,23,0.0000,0.0000,0.0000,0.0000,421.0526,0.0000,500.0000
11,2,0,0.0000,0.0000,0.0000,500.0000,0.0000,0.0000,975.0000
11,2,1,94.4883,0.0000,0.0000,0.0000,0.0000,0.0000,870.0131
11,2,2,239.2635,0.0000,0.0000,0.0000,0.0000,0.0000,604.1648
11,2,3,0.0000,0.0000,0.0000,0.0000,0.0000,0.0000,604.1648
11,2,4,0.0000,0.0000,0.0000,0.0000,0.0000,0.0000,604.1648
11,2,5,0.0000,0.0000,0.0000,0.0000,0.0000,0.0000,604.1648
11,2,6,0.0000,0.0000,98.7483,0.0000,0.0000,0.0000,494.4445
11,2,7,0.0000,0.0000,355.0000,0.0000,0.0000,0.0000,100.0000
11,2,8,0.0000,0.0012,0.0012,0.0000,0.0012,95.0588,190.3043
11,2,9,0.0000,0.0012,0.0012,0.0000,0.0012,137.7840,321.1976
11,2,10,0.0000,0.0012,0.0000,0.0000,0.0012,500.0000,796.1974
11,2,11,0.0000,0.0012,244.5472,0.0000,0.0012,0.0012,524.4792
11,2,12,0.0012,0.0000,0.0012,0.0012,0.0000,230.5518,743.5018
11,2,13,0.0000,0.0012,0.0012,0.0000,0.0012,269.9979,999.9983
11,2,14,0.0011,0.0000,0.0015,0.0011,0.0000,0.0037,1000.0000
11,2,15,0.0000,0.0000,48.7408,0.0000,0.0000,0.0000,945.8436
11,2,16,0.0000,0.0000,0.0000,0.0000,0.0000,0.0001,945.8436
11,2,17,0.0000,0.0000,500.0000,0.0000,0.0000,0.0000,390.2881
11,2,18,0.0000,0.0000,17.8098,0.0000,0.0000,0.0000,370.4995
11,2,19,0.0000,0.0000,144.4276,0.0000,0.0000,0.0000,210.0244
11,2,20,0.0000,0.0000,34.0139,0.0000,0.0000,0.0000,172.2312
11,2,21,0.0000,0.0000,65.0081,0.0000,0.0000,0.0000,100.0000
11,2,22,0.0000,0.0000,0.0000,0.0000,0.0000,0.0000,100.0000
11,2,23,0.0000,0.0000,0.0000,0.0000,0.0000,421.0526,500.0000
12,0,0,0.0000,0.0000,0.0000,500.0000,0.0000,0.0000,975.0000
12,0,1,81.2991,0.0000,0.0000,0.0000,0.0000,0.0000,884.6676
12,0,2,156.5102,0.0000,0.0000,0.0000,0.0000,0.0000,710.7674
12,0,3,0.0000,0.0000,0.0000,0.0000,0.0000,0.0000,710.7674
12,0,4,0.0000,0.0000,0.0000,0.0000,0.0000,0.0000,710.7674
12,0,5,0.0000,0.0000,0.0000,0.0000,0.0000,0.0000,710.7674
12,0,6,0.0000,0.0000,49.6907,0.0000,0.0000,0.0000,655.5556
12,0,7,0.0000,0.0000,500.0000,0.0000,0.0000,0.0000,100.0000
12,0,8,0.0009,0.0000,0.0009,0.0009,0.0000,99.4715,194.4967
12,0,9,0.0009,0.0000,0.0009,0.0009,0.0000,280.7226,461.1820
12,0,10,0.0000,0.0009,0.0012,0.0000,0.0009,0.0194,461.1989
12,0,11,0.0009,0.0000,170.9457,0.0009,0.0000,0.0009,271.2600
12,0,12,0.0000,0.0009,0.0009,0.0000,0.0009,261.6807,519.8555
12,0,13,0.0000,0.0009,0.0009,0.0000,0.0009,268.8606,775.2719
12,0,14,0.0000,0.0009,225.2453,0.0000,0.0009,0.0009,525.0001
12,0,15,0.0009,0.0000,0.0000,0.0009,0.0000,500.0000,1000.0000
12,0,16,0.0000,0.0000,0.0000,0.0000,0.0000,0.0000,1000.0000
12,0,17,0.0000,0.0000,120.0000,0.0000,0.0000,0.0000,866.6666
12,0,18,0.0000,0.0000,500.0000,0.0000,0.0000,0.0000,311.1111
12,0,19,0.0000,0.0000,0.0000,0.0000,0.0000,0.0000,311.1111
12,0,20,0.0000,0.0000,0.0000,0.0000,0.0000,0.0000,311.1111
12,0,21,0.0000,0.0000,0.0000,0.0000,0.0000,0.0001,311.1111
12,0,22,0.0000,0.0000,0.0000,0.0000,0.0000,500.0000,786.1111
12,0,23,0.0000,0.0000,257.5000,0.0000,0.0000,0.0000,500.0000
12,1,0,287.5000,0.0000,0.0000,0.0000,0.0000,0.0000,180.5555
12,1,1,0.0000,0.0000,0.0000,500.0000,0.0000,0.0000,655.5555
12,1,2,0.0000,0.0000,0.0000,0.0001,0.0000,0.0000,655.5555
12,1,3,0.0000,0.0000,0.0000,0.0000,0.0000,0.0000,655.5555
12,1,4,0.0000,0.0000,0.0000,0.0000,0.0001,0.0000,655.5556
12,1,5,0.0000,0.0000,0.0000,0.0000,0.0001,0.0000,655.5556
12,1,6,0.0000,500.0000,0.0000,0.0000,0.0000,0.0000,100.0000
12,1,7,0.0000,0.0001,0.0000,0.0000,0.0000,0.0000,100.0000
12,1,8,0.0009,0.0009,0.0000,0.0009,0.0408,0.0000,100.0376
12,1,9,0.0000,0.0009,0.0009,0.0000,10.7809,0.0009,110.2783
12,1,10,0.0000,0.0010,0.0009,0.0000,0.0805,0.0009,110.3534
12,1,11,0.0000,0.0000,0.0009,0.0000,500.0000,0.0009,585.3533
12,1,12,0.0000,0.0009,0.0009,0.0000,164.9428,0.0009,742.0478
12,1,13,0.0000,0.0009,0.0009,0.0000,271.5299,0.0009,1000.0000
12,1,14,0.0000,355.0001,0.0000,0.0000,0.0000,0.0000,605.5555
12,1,15,0.0000,72.5000,0.0000,0.0000,0.0000,0.0000,524.9999
12,1,16,0.0000,0.0000,0.0000,0.0000,500.0000,0.0000,999.9999
12,1,17,0.0000,0.0000,0.0000,0.0000,0.0000,0.0000,999.9999
12,1,18,0.0000,310.0000,0.0000,0.0000,0.0000,0.0000,655.5556
12,1,19,0.0000,0.0000,0.0000,0.0000,0.0000,0.0000,655.5556
12,1,20,0.0000,500.0000,0.0000,0.0000,0.0000,0.0000,100.0000
12,1,21,0.0000,0.0000,0.0000,0.0000,0.0000,0.0000,100.0000
12,1,22,0.0000,0.0000,0.0000,0.0000,0.0000,0.0000,100.0000
12,1,23,0.0000,0.0000,0.0000,0.0000,421.0526,0.0000,500.0000
12,2,0,0.0000,0.0000,0.0000,500.0000,0.0000,0.0000,975.0000
12,2,1,85.5015,0.0000,0.0000,0.0000,0.0000,0.0000,879.9984
12,2,2,256.9916,0.0000,0.0000,0.0000,0.0000,0.0000,594.4521
12,2,3,0.0000,0.0000,0.0000,0.0000,0.0000,0.0000,594.4521
12,2,4,0.0000,0.0000,0.0000,0.0000,0.0000,0.0000,594.4521
12,2,5,0.0000,0.0000,0.0000,0.0000,0.0000,0.0000,594.4521
12,2,6,0.0000,0.0000,90.0069,0.0000,0.0000,0.0000,494.4445
12,2,7,0.0000,0.0000,355.0000,0.0000,0.0000,0.0000,100.0000
12,2,8,0.0000,0.0009,0.0009,0.0000,0.0009,79.5277,175.5501
12,2,9,0.0000,0.0009,0.0009,0.0000,0.0009,143.2335,311.6207
12,2,10,0.0000,0.0009,0.0000,0.0000,0.0009,500.0000,786.6206
12,2,11,0.0000,0.0009,287.8270,0.0000,0.0009,0.0009,466.8136
12,2,12,0.0009,0.0000,0.0009,0.0009,0.0000,271.1253,724.3814
12,2,13,0.0000,0.0009,0.0009,0.0000,0.0009,290.1247,999.9987
12,2,14,0.0008,0.0000,0.0012,0.0008,0.0000,0.0029,1000.0000
12,2,15,0.0000,0.0000,1.3837,0.0000,0.0000,0.0000,998.4626
12,2,16,0.0000,0.0000,25.6774,0.0000,0.0000,0.0000,969.9321
12,2,17,0.0000,0.0000,500.0000,0.0000,0.0000,0.0000,414.3765
12,2,18,0.0000,0.0000,20.0565,0.0000,0.0000,0.0000,392.0915
12,2,19,0.0000,0.0000,148.7016,0.0000,0.0000,0.0000,226.8675
12,2,20,0.0000,0.0000,40.8530,0.0000,0.0000,0.0000,181.4754
12,2,21,0.0000,0.0000,73.3279,0.0000,0.0000,0.0000,100.0000
12,2,22,0.0000,0.0000,0.0000,0.0000,0.0000,0.0000,100.0000
12,2,23,0.0000,0.0000,0.0000,0.0000,0.0000,421.0526,500.0000
13,0,0,0.0000,0.0000,0.0000,500.0000,0.0000,0.0000,975.0000
13,0,1,79.8323,0.0000,0.0000,0.0000,0.0000,0.0000,886.2974
13,0,2,156.6086,0.0000,0.0000,0.0000,0.0000,0.0000,712.2879
13,0,3,0.0000,0.0000,0.0000,0.0000,0.0000,0.0000,712.2879
13,0,4,0.0000,0.0000,0.0000,0.0000,0.0000,0.0000,712.2879
13,0,5,0.0000,0.0000,0.0000,0.0000,0.0000,0.0000,712.2879
13,0,6,0.0000,0.0000,51.0591,0.0000,0.0000,0.0000,655.5556
13,0,7,0.0000,0.0000,500.0000,0.0000,0.0000,0.0000,100.0000
13,0,8,0.0010,0.0000,0.0010,0.0010,0.0000,119.6588,213.6746
13,0,9,0.0010,0.0000,0.0010,0.0010,0.0000,280.5105,480.1584
13,0,10,0.0000,0.0010,0.0012,0.0000,0.0010,0.0209,480.1768
13,0,11,0.0010,0.0000,149.8286,0.0010,0.0000,0.0010,313.7013
13,0,12,0.0000,0.0010,0.0010,0.0000,0.0010,351.0258,647.1746
13,0,13,0.0000,0.0010,0.0010,0.0000,0.0010,371.3965,1000.0000
13,0,14,0.0000,0.0000,427.5000,0.0000,0.0000,0.0000,525.0000
13,0,15,0.0000,0.0000,0.0000,0.0000,0.0000,500.0000,1000.0000
13,0,16,0.0000,0.0000,0.0000,0.0000,0.0000,0.0000,1000.0000
13,0,17,0.0000,0.0000,120.0000,0.0000,0.0000,0.0000,866.6666
13,0,18,0.0000,0.0000,500.0000,0.0000,0.0000,0.0000,311.1111
13,0,19,0.0000,0.0000,0.0000,0.0000,0.0000,0.0000,311.1111
13,0,20,0.0000,0.0000,0.0000,0.0000,0.0000,0.0000,311.1111
13,0,21,0.0000,0.0000,0.0000,0.0000,0.0000,0.0001,311.1111
13,0,22,0.0000,0.0000,0.0000,0.0000,0.0000,500.0000,786.1111
13,0,23,0.0000,0.0000,257.5000,0.0000,0.0000,0.0000,500.0000
13,1,0,287.5001,0.0000,0.0000,0.0000,0.0000,0.0000,180.5555
13,1,1,0.0000,0.0000,0.0000,500.0000,0.0000,0.0000,655.5555
13,1,2,0.0000,0.0000,0.0000,0.0001,0.0000,0.0000,655.5555
13,1,3,0.0000,0.0000,0.0000,0.0000,0.0000,0.0000,655.5555
13,1,4,0.0000,0.0000,0.0000,0.0000,0.0001,0.0000,655.5556
13,1,5,0.0000,0.0000,0.0000,0.0000,0.0001,0.0000,655.5556
13,1,6,0.0000,500.0000,0.0000,0.0000,0.0000,0.0000,100.0000
13,1,7,0.0000,0.0001,0.0000,0.0000,0.0000,0.0000,100.0000
13,1,8,0.0010,0.0010,0.0000,0.0010,0.1661,0.0000,100.1565
13,1,9,0.0000,0.0010,0.0010,0.0000,27.5406,0.0010,126.3188
13,1,10,0.0000,0.0010,0.0010,0.0000,0.0860,0.0010,126.3993
13,1,11,0.0000,0.0000,0.0010,0.0000,500.0000,0.0010,601.3991
13,1,12,0.0000,0.0010,0.0010,0.0000,158.8070,0.0010,752.2646
13,1,13,0.0000,0.0010,0.0010,0.0000,260.7754,0.0010,1000.0000
13,1,14,0.0000,355.0001,0.0000,0.0000,0.0000,0.0000,605.5555
13,1,15,0.0000,72.5000,0.0000,0.0000,0.0000,0.0000,524.9999
13,1,16,0.0000,0.0000,0.0000,0.0000,500.0000,0.0000,999.9999
13,1,17,0.0000,0.0000,0.0000,0.0000,0.0000,0.0000,999.9999
13,1,18,0.0000,310.0000,0.0000,0.0000,0.0000,0.0000,655.5556
13,1,19,0.0000,0.0000,0.0000,0.0000,0.0000,0.0000,655.5556
13,1,20,0.0000,500.0000,0.0000,0.0000,0.0000,0.0000,100.0000
13,1,21,0.0000,0.0000,0.0000,0.0000,0.0000,0.0000,100.0000
13,1,22,0.0000,0.0000,0.0000,0.0000,0.0000,0.0000,100.0000
13,1,23,0.0000,0.0000,0.0000,0.0000,421.0526,0.0000,500.0000
13,2,0,0.0000,0.0000,0.0000,500.0000,0.0000,0.0000,975.0000
13,2,1,83.5568,0.0000,0.0000,0.0000,0.0000,0.0000,882.1592
13,2,2,255.1831,0.0000,0.0000,0.0000,0.0000,0.0000,598.6224
13,2,3,0.0000,0.0000,0.0000,0.0000,0.0000,0.0000,598.6224
13,2,4,0.0000,0.0000,0.0000,0.0000,0.0000,0.0000,598.6224
13,2,5,0.0000,0.0000,0.0000,0.0000,0.0000,0.0000,598.6224
13,2,6,0.0000,0.0000,93.7602,0.0000,0.0000,0.0000,494.4445
13,2,7,0.0000,0.0000,355.0000,0.0000,0.0000,0.0000,100.0000
13,2,8,0.0000,0.0010,0.0010,0.0000,0.0010,88.9858,184.5353
13,2,9,0.0000,0.0010,0.0010,0.0000,0.0010,130.0549,308.0863
13,2,10,0.0000,0.0010,0.0000,0.0000,0.0010,500.0000,783.0861
13,2,11,0.0000,0.0010,305.6123,0.0000,0.0010,0.0010,443.5177
13,2,12,0.0010,0.0000,0.0010,0.0010,0.0000,282.3789,711.7764
13,2,13,0.0000,0.0010,0.0010,0.0000,0.0010,303.3945,1000.0000
13,2,14,0.0000,0.0000,0.0001,0.0000,0.0000,0.0001,1000.0000
13,2,15,0.0000,0.0000,46.1066,0.0000,0.0000,0.0000,948.7705
13,2,16,0.0000,0.0000,0.8944,0.0000,0.0000,0.0000,947.7767
13,2,17,0.0000,0.0000,500.0000,0.0000,0.0000,0.0000,392.2212
13,2,18,0.0000,0.0000,18.0823,0.0000,0.0000,0.0000,372.1297
13,2,19,0.0000,0.0000,144.6794,0.0000,0.0000,0.0000,211.3749
13,2,20,0.0000,0.0000,34.4584,0.0000,0.0000,0.0000,173.0878
13,2,21,0.0000,0.0000,65.7790,0.0000,0.0000,0.0000,100.0000
13,2,22,0.0000,0.0000,0.0000,0.0000,0.0000,0.0000,100.0000
13,2,23,0.0000,0.0000,0.0000,0.0000,0.0000,421.0526,500.0000
14,0,0,0.0000,0.0000,0.0000,500.0000,0.0000,0.0000,975.0000
14,0,1,81.6907,0.0000,0.0000,0.0000,0.0000,0.0000,884.2325
14,0,2,160.2379,0.0000,0.0000,0.0000,0.0000,0.0000,706.1905
14,0,3,0.0000,0.0000,0.0000,0.0000,0.0000,0.0000,706.1905
14,0,4,0.0000,0.0000,0.0000,0.0000,0.0000,0.0000,706.1905
14,0,5,0.0000,0.0000,0.0000,0.0000,0.0000,0.0000,706.1905
14,0,6,0.0000,0.0000,45.5714,0.0000,0.0000,0.0000,655.5556
14,0,7,0.0000,0.0000,500.0000,0.0000,0.0000,0.0000,100.0000
14,0,8,0.0010,0.0000,0.0010,0.0010,0.0000,105.7023,200.4159
14,0,9,0.0010,0.0000,0.0010,0.0010,0.0000,310.1945,495.0993
14,0,10,0.0000,0.0010,0.0014,0.0000,0.0010,0.0219,495.1183
14,0,11,0.0010,0.0000,180.0164,0.0010,0.0000,0.0010,295.1009
14,0,12,0.0000,0.0010,0.0010,0.0000,0.0010,325.8358,604.6436
14,0,13,0.0000,0.0010,0.0010,0.0000,0.0010,354.0527,940.9923
14,0,14,0.0000,0.0010,374.3937,0.0000,0.0010,0.0010,525.0002
14,0,15,0.0010,0.0000,0.0000,0.0010,0.0000,500.0000,1000.0000
14,0,16,0.0000,0.0000,0.0000,0.0000,0.0000,0.0000,1000.0000
14,0,17,0.0000,0.0000,120.0000,0.0000,0.0000,0.0000,866.6666
14,0,18,0.0000,0.0000,500.0000,0.0000,0.0000,0.0000,311.1111
14,0,19,0.0000,0.0000,0.0000,0.0000,0.0000,0.0000,311.1111
14,0,20,0.0000,0.0000,0.0000,0.0000,0.0000,0.0000,311.1111
14,0,21,0.0000,0.0000,0.0000,0.0000,0.0000,0.0001,311.1111
14,0,22,0.0000,0.0000,0.0000,0.0000,0.0000,500.0000,786.1111
14,0,23,0.0000,0.0000,257.5000,0.0000,0.0000,0.0000,500.0000
14,1,0,287.5000,0.0000,0.0000,0.0000,0.0000,0.0000,180.5555
14,1,1,0.0000,0.0000,0.0000,500.0000,0.0000,0.0000,655.5555
14,1,2,0.0000,0.0000,0.0000,0.0001,0.0000,0.0000,655.5555
14,1,3,0.0000,0.0000,0.0000,0.0000,0.0000,0.0000,655.5555
14,1,4,0.0000,0.0000,0.0000,0.0000,0.0001,0.0000,655.5556
14,1,5,0.0000,0.0000,0.0000,0.0000,0.0001,0.0000,655.5556
14,1,6,0.0000,500.0000,0.0000,0.0000,0.0000,0.0000,100.0001
14,1,7,0.0000,0.0001,0.0000,0.0000,0.0000,0.0000,100.0000
14,1,8,0.0010,0.0010,0.0000,0.0010,0.1860,0.0000,100.1753
14,1,9,0.0000,0.0010,0.0010,0.0000,78.6834,0.0010,174.9232
14,1,10,0.0000,0.0010,0.0010,0.0000,0.0887,0.0010,175.0062
14,1,11,0.0000,0.0000,0.0010,0.0000,500.0000,0.0010,650.0060
14,1,12,0.0000,0.0010,0.0010,0.0000,133.7993,0.0010,777.1140
14,1,13,0.0000,0.0010,0.0010,0.0000,234.6182,0.0010,1000.0000
14,1,14,0.0000,355.0001,0.0000,0.0000,0.0000,0.0000,605.5555
14,1,15,0.0000,72.5000,0.0000,0.0000,0.0000,0.0000,524.9999
14,1,16,0.0000,0.0000,0.0000,0.0000,500.0000,0.0000,999.9999
14,1,17,0.0000,0.0000,0.0000,0.0000,0.0000,0.0000,999.9999
14,1,18,0.0000,309.9999,0.0000,0.0000,0.0000,0.0000,655.5556
14,1,19,0.0000,0.0000,0.0000,0.0000,0.0000,0.0000,655.5556
14,1,20,0.0000,500.0000,0.0000,0.0000,0.0000,0.0000,100.0000
14,1,21,0.0000,0.0000,0.0000,0.0000,0.0000,0.0000,100.0000
14,1,22,0.0000,0.0000,0.0000,0.0000,0.0000,0.0000,100.0000
14,1,23,0.0000,0.0000,0.0000,0.0000,421.0526,0.0000,500.0000
14,2,0,0.0000,0.0000,0.0000,500.0000,0.0000,0.0000,975.0000
14,2,1,86.4132,0.0000,0.0000,0.0000,0.0000,0.0000,878.9853
14,2,2,266.9263,0.0000,0.0000,0.0000,0.0000,0.0000,582.4006
14,2,3,0.0000,0.0000,0.0000,0.0000,0.0000,0.0000,582.4006
14,2,4,0.0000,0.0000,0.0000,0.0000,0.0000,0.0000,582.4006
14,2,5,0.0000,0.0000,0.0000,0.0000,0.0000,0.0000,582.4006
14,2,6,0.0000,0.0000,79.1606,0.0000,0.0000,0.0000,494.4445
14,2,7,0.0000,0.0000,355.0000,0.0000,0.0000,0.0000,100.0000
14,2,8,0.0000,0.0010,0.0010,0.0000,0.0010,81.6460,177.5624
14,2,9,0.0000,0.0010,0.0010,0.0000,0.0010,152.8409,322.7599
14,2,10,0.0000,0.0010,0.0000,0.0000,0.0010,500.0000,797.7597
14,2,11,0.0000,0.0010,321.3509,0.0000,0.0010,0.0010,440.7040
14,2,12,0.0010,0.0000,0.0010,0.0010,0.0000,279.5065,706.2338
14,2,13,0.0000,0.0010,0.0010,0.0000,0.0010,309.2274,999.9986
14,2,14,0.0009,0.0000,0.0013,0.0009,0.0000,0.0032,1000.0000
14,2,15,0.0000,0.0000,35.5642,0.0000,0.0000,0.0000,960.4843
14,2,16,0.0000,0.0000,0.0000,0.0000,0.0000,0.0001,960.4843
14,2,17,0.0000,0.0000,500.0000,0.0000,0.0000,0.0000,404.9287
14,2,18,0.0000,0.0000,19.3802,0.0000,0.0000,0.0000,383.3952
14,2,19,0.0000,0.0000,147.0417,0.0000,0.0000,0.0000,220.0156
14,2,20,0.0000,0.0000,37.6637,0.0000,0.0000,0.0000,178.1670
14,2,21,0.0000,0.0000,70.3503,0.0000,0.0000,0.0000,100.0000
14,2,22,0.0000,0.0000,0.0000,0.0000,0.0000,0.0000,100.0000
14,2,23,0.0000,0.0000,0.0000,0.0000,0.0000,421.0526,500.0000
15,0,0,0.0000,0.0000,0.0000,500.0000,0.0000,0.0000,975.0000
15,0,1,78.1131,0.0000,0.0000,0.0000,0.0000,0.0000,888.2077
15,0,2,162.1485,0.0000,0.0000,0.0000,0.0000,0.0000,708.0427
15,0,3,0.0000,0.0000,0.0000,0.0000,0.0000,0.0000,708.0427
15,0,4,0.0000,0.0000,0.0000,0.0000,0.0000,0.0000,708.0427
15,0,5,0.0000,0.0000,0.0000,0.0000,0.0000,0.0000,708.0427
15,0,6,0.0000,0.0000,47.2384,0.0000,0.0000,0.0000,655.5556
15,0,7,0.0000,0.0000,500.0000,0.0000,0.0000,0.0000,100.0000
15,0,8,0.0011,0.0000,0.0011,0.0011,0.0000,144.7832,237.5427
15,0,9,0.0011,0.0000,0.0011,0.0011,0.0000,270.8657,494.8638
15,0,10,0.0000,0.0011,0.0012,0.0000,0.0011,0.0258,494.8867
15,0,11,0.0011,0.0000,176.4723,0.0011,0.0000,0.0011,298.8072
15,0,12,0.0000,0.0011,0.0011,0.0000,0.0011,265.0165,550.5715
15,0,13,0.0000,0.0011,0.0011,0.0000,0.0011,289.9915,826.0621
15,0,14,0.0000,0.0011,270.9565,0.0000,0.0011,0.0011,525.0002
15,0,15,0.0011,0.0000,0.0000,0.0011,0.0000,500.0000,1000.0000
15,0,16,0.0000,0.0000,0.0000,0.0000,0.0000,0.0000,1000.0000
15,0,17,0.0000,0.0000,120.0000,0.0000,0.0000,0.0000,866.6666
15,0,18,0.0000,0.0000,500.0000,0.0000,0.0000,0.0000,311.1111
15,0,19,0.0000,0.0000,0.0000,0.0000,0.0000,0.0000,311.1111
15,0,20,0.0000,0.0000,0.0000,0.0000,0.0000,0.0000,311.1111
15,0,21,0.0000,0.0000,0.0000,0.0000,0.0000,0.0001,311.1111
15,0,22,0.0000,0.0000,0.0000,0.0000,0.0000,500.0000,786.1111
15,0,23,0.0000,0.0000,257.5000,0.0000,0.0000,0.0000,500.0000
15,1,0,287.5000,0.0000,0.0000,0.0000,0.0000,0.0000,180.5555
15,1,1,0.0000,0.0000,0.0000,500.0000,0.0000,0.0000,655.5555
15,1,2,0.0000,0.0000,0.0000,0.0001,0.0000,0.0000,655.5556
15,1,3,0.0000,0.0000,0.0000,0.0000,0.0000,0.0000,655.5556
15,1,4,0.0000,0.0000,0.0000,0.0000,0.0001,0.0000,655.5556
15,1,5,0.0000,0.0000,0.0000,0.0000,0.0001,0.0000,655.5556
15,1,6,0.0000,500.0000,0.0000,0.0000,0.0000,0.0000,100.0001
15,1,7,0.0000,0.0001,0.0000,0.0000,0.0000,0.0000,100.0000
15,1,8,0.0011,0.0011,0.0000,0.0011,0.1172,0.0000,100.1100
15,1,9,0.0000,0.0011,0.0011,0.0000,80.8705,0.0011,176.9356
15,1,10,0.0000,0.0011,0.0011,0.0000,0.1060,0.0011,177.0350
15,1,11,0.0000,0.0000,0.0011,0.0000,500.0000,0.0011,652.0348
15,1,12,0.0000,0.0011,0.0011,0.0000,134.4115,0.0011,779.7244
15,1,13,0.0000,0.0011,0.0011,0.0000,231.8705,0.0011,1000.0000
15,1,14,0.0000,355.0001,0.0000,0.0000,0.0000,0.0000,605.5555
15,1,15,0.0000,72.5000,0.0000,0.0000,0.0000,0.0000,524.9999
15,1,16,0.0000,0.0000,0.0000,0.0000,500.0000,0.0000,999.9999
15,1,17,0.0000,0.0000,0.0000,0.0000,0.0000,0.0000,999.9999
15,1,18,0.0000,309.9999,0.0000,0.0000,0.0000,0.0000,655.5556
15,1,19,0.0000,0.0000,0.0000,0.0000,0.0000,0.0000,655.5556
15,1,20,0.0000,500.0000,0.0000,0.0000,0.0000,0.0000,100.0000
15,1,21,0.0000,0.0000,0.0000,0.0000,0.0000,0.0000,100.0000
15,1,22,0.0000,0.0000,0.0000,0.0000,0.0000,0.0000,100.0000
15,1,23,0.0000,0.0000,0.0000,0.0000,421.0526,0.0000,500.0000
15,2,0,0.0000,0.0000,0.0000,500.0000,0.0000,0.0000,975.0000
15,2,1,82.2515,0.0000,0.0000,0.0000,0.0000,0.0000,883.6095
15,2,2,266.8925,0.0000,0.0000,0.0000,0.0000,0.0000,587.0622
15,2,3,0.0000,0.0000,0.0000,0.0000,0.0000,0.0000,587.0622
15,2,4,0.0000,0.0000,0.0000,0.0000,0.0000,0.0000,587.0622
15,2,5,0.0000,0.0000,0.0000,0.0000,0.0000,0.0000,587.0622
15,2,6,0.0000,0.0000,83.3560,0.0000,0.0000,0.0000,494.4445
15,2,7,0.0000,0.0000,355.0000,0.0000,0.0000,0.0000,100.0000
15,2,8,0.0000,0.0011,0.0011,0.0000,0.0011,106.5945,201.2634
15,2,9,0.0000,0.0011,0.0011,0.0000,0.0011,136.6488,331.0784
15,2,10,0.0000,0.0011,0.0000,0.0000,0.0011,500.0000,806.0782
15,2,11,0.0000,0.0011,288.5543,0.0000,0.0011,0.0011,485.4632
15,2,12,0.0011,0.0000,0.0011,0.0011,0.0000,254.8425,727.5622
15,2,13,0.0000,0.0011,0.0011,0.0000,0.0011,286.7765,999.9985
15,2,14,0.0010,0.0000,0.0014,0.0010,0.0000,0.0033,1000.0000
15,2,15,0.0000,0.0000,43.3063,0.0000,0.0000,0.0000,951.8819
15,2,16,0.0000,0.0000,13.6530,0.0000,0.0000,0.0000,936.7120
15,2,17,0.0000,0.0000,500.0000,0.0000,0.0000,0.0000,381.1564
15,2,18,0.0000,0.0000,16.8485,0.0000,0.0000,0.0000,362.4359
15,2,19,0.0000,0.0000,142.5616,0.0000,0.0000,0.0000,204.0342
15,2,20,0.0000,0.0000,31.9714,0.0000,0.0000,0.0000,168.5104
15,2,21,0.0000,0.0000,61.6594,0.0000,0.0000,0.0000,100.0000
15,2,22,0.0000,0.0000,0.0000,0.0000,0.0000,0.0000,100.0000
15,2,23,0.0000,0.0000,0.0000,0.0000,0.0000,421.0526,500.0000
16,0,0,0.0000,0.0000,0.0000,500.0000,0.0000,0.0000,975.0000
16,0,1,74.1894,0.0000,0.0000,0.0000,0.0000,0.0000,892.5674
16,0,2,162.6529,0.0000,0.0000,0.0000,0.0000,0.0000,711.8420
16,0,3,0.0000,0.0000,0.0000,0.0000,0.0000,0.0000,711.8420
16,0,4,0.0000,0.0000,0.0000,0.0000,0.0000,0.0000,711.8420
16,0,5,0.0000,0.0000,0.0000,0.0000,0.0000,0.0000,711.8420
16,0,6,0.0000,0.0000,50.6578,0.0000,0.0000,0.0000,655.5556
16,0,7,0.0000,0.0000,500.0000,0.0000,0.0000,0.0000,100.0000
16,0,8,0.0008,0.0000,0.0008,0.0008,0.0000,89.2035,184.7423
16,0,9,0.0008,0.0000,0.0008,0.0008,0.0000,276.0281,446.9679
16,0,10,0.0000,0.0008,0.0009,0.0000,0.0008,0.0262,446.9917
16,0,11,0.0008,0.0000,163.7395,0.0008,0.0000,0.0008,265.0595
16,0,12,0.0000,0.0008,0.0008,0.0000,0.0008,315.7748,565.0446
16,0,13,0.0000,0.0008,0.0008,0.0000,0.0008,319.8368,868.8886
16,0,14,0.0000,0.0008,309.5002,0.0000,0.0008,0.0008,525.0001
16,0,15,0.0008,0.0000,0.0000,0.0008,0.0000,500.0000,1000.0000
16,0,16,0.0000,0.0000,0.0000,0.0000,0.0000,0.0000,1000.0000
16,0,17,0.0000,0.0000,120.0000,0.0000,0.0000,0.0000,866.6666
16,0,18,0.0000,0.0000,500.0000,0.0000,0.0000,0.0000,311.1111
16,0,19,0.0000,0.0000,0.0000,0.0000,0.0000,0.0000,311.1111
16,0,20,0.0000,0.0000,0.0000,0.0000,0.0000,0.0000,311.1111
16,0,21,0.0000,0.0000,0.0000,0.0000,0.0000,0.0000,311.1111
16,0,22,0.0000,0.0000,0.0000,0.0000,0.0000,500.0000,786.1111
16,0,23,0.0000,0.0000,257.5000,0.0000,0.0000,0.0000,500.0000
16,1,0,287.5000,0.0000,0.0000,0.0000,0.0000,0.0000,180.5555
16,1,1,0.0000,0.0000,0.0000,500.0000,0.0000,0.0000,655.5555
16,1,2,0.0000,0.0000,0.0000,0.0000,0.0000,0.0000,655.5556
16,1,3,0.0000,0.0000,0.0000,0.0000,0.0000,0.0000,655.5555
16,1,4,0.0000,0.0000,0.0000,0.0000,0.0001,0.0000,655.5556
16,1,5,0.0000,0.0000,0.0000,0.0000,0.0000,0.0000,655.5556
16,1,6,0.0000,500.0000,0.0000,0.0000,0.0000,0.0000,100.0000
16,1,7,0.0000,0.0000,0.0000,0.0000,0.0000,0.0000,100.0000
16,1,8,0.0000,0.0000,0.0000,0.0000,0.0000,0.0000,100.0000
16,1,9,0.0000,0.0008,0.0008,0.0000,10.8780,0.0008,110.3331
16,1,10,0.0000,0.0008,0.0008,0.0000,4.8553,0.0008,114.9445
16,1,11,0.0000,0.0000,0.0008,0.0000,500.0000,0.0008,589.9444
16,1,12,0.0000,0.0008,0.0008,0.0000,187.6020,0.0008,768.1653
16,1,13,0.0000,0.0008,0.0008,0.0000,244.0376,0.0008,1000.0000
16,1,14,0.0000,355.0001,0.0000,0.0000,0.0000,0.0000,605.5555
16,1,15,0.0000,72.5000,0.0000,0.0000,0.0000,0.0000,525.0000
16,1,16,0.0000,0.0000,0.0000,0.0000,500.0000,0.0000,999.9999
16,1,17,0.0000,0.0000,0.0000,0.0000,0.0000,0.0000,999.9999
16,1,18,0.0000,310.0000,0.0000,0.0000,0.0000,0.0000,655.5556
16,1,19,0.0000,0.0000,0.0000,0.0000,0.0000,0.0000,655.5556
16,1,20,0.0000,500.0000,0.0000,0.0000,0.0000,0.0000,100.0000
16,1,21,0.0000,0.0000,0.0000,0.0000,0.0000,0.0000,100.0000
16,1,22,0.0000,0.0000,0.0000,0.0000,0.0000,0.0000,100.0000
16,1,23,0.0000,0.0000,0.0000,0.0000,421.0526,0.0000,500.0000
16,2,0,0.0000,0.0000,0.0000,500.0000,0.0000,0.0000,975.0000
16,2,1,77.6425,0.0000,0.0000,0.0000,0.0000,0.0000,888.7305
16,2,2,262.7637,0.0000,0.0000,0.0000,0.0000,0.0000,596.7708
16,2,3,0.0000,0.0000,0.0000,0.0000,0.0000,0.0000,596.7708
16,2,4,0.0000,0.0000,0.0000,0.0000,0.0000,0.0000,596.7708
16,2,5,0.0000,0.0000,0.0000,0.0000,0.0000,0.0000,596.7708
16,2,6,0.0000,0.0000,92.0938,0.0000,0.0000,0.0000,494.4445
16,2,7,0.0000,0.0000,355.0000,0.0000,0.0000,0.0000,100.0000
16,2,8,0.0000,0.0008,0.0008,0.0000,0.0008,71.7267,168.1393
16,2,9,0.0000,0.0008,0.0008,0.0000,0.0008,134.8188,296.2161
16,2,10,0.0000,0.0008,0.0000,0.0000,0.0008,500.0000,771.2160
16,2,11,0.0000,0.0008,303.5584,0.0000,0.0008,0.0008,433.9295
16,2,12,0.0008,0.0000,0.0008,0.0008,0.0000,295.3345,714.4962
16,2,13,0.0000,0.0008,0.0008,0.0000,0.0008,300.5302,999.9989
16,2,14,0.0007,0.0000,0.0010,0.0007,0.0000,0.0025,1000.0000
16,2,15,0.0000,0.0000,40.6071,0.0000,0.0000,0.0000,954.8810
16,2,16,0.0000,0.0000,19.9818,0.0000,0.0000,0.0000,932.6790
16,2,17,0.0000,0.0000,500.0000,0.0000,0.0000,0.0000,377.1234
16,2,18,0.0000,0.0000,16.6477,0.0000,0.0000,0.0000,358.6259
16,2,19,0.0000,0.0000,141.9577,0.0000,0.0000,0.0000,200.8952
16,2,20,0.0000,0.0000,30.4258,0.0000,0.0000,0.0000,167.0888
16,2,21,0.0000,0.0000,60.3799,0.0000,0.0000,0.0000,100.0000
16,2,22,0.0000,0.0000,0.0000,0.0000,0.0000,0.0000,100.0000
16,2,23,0.0000,0.0000,0.0000,0.0000,0.0000,421.0526,500.0000
17,0,0,0.0000,0.0000,0.0000,500.0000,0.0000,0.0000,975.0000
17,0,1,81.7676,0.0000,0.0000,0.0000,0.0000,0.0000,884.1471
17,0,2,160.6410,0.0000,0.0000,0.0000,0.0000,0.0000,705.6572
17,0,3,0.0000,0.0000,0.0000,0.0000,0.0000,0.0000,705.6571
17,0,4,0.0000,0.0000,0.0000,0.0000,0.0000,0.0000,705.6571
17,0,5,0.0000,0.0000,0.0000,0.0000,0.0000,0.0000,705.6571
17,0,6,0.0000,0.0000,45.0914,0.0000,0.0000,0.0000,655.5556
17,0,7,0.0000,0.0000,500.0000,0.0000,0.0000,0.0000,100.0000
17,0,8,0.0010,0.0000,0.0010,0.0010,0.0000,101.2883,196.2226
17,0,9,0.0010,0.0000,0.0010,0.0010,0.0000,235.8376,420.2671
17,0,10,0.0000,0.0010,0.0010,0.0000,0.0010,0.0332,420.2973
17,0,11,0.0010,0.0000,68.4163,0.0010,0.0000,0.0010,344.2800
17,0,12,0.0000,0.0010,0.0010,0.0000,0.0010,218.1936,551.5626
17,0,13,0.0000,0.0010,0.0010,0.0000,0.0010,237.1772,776.8797
17,0,14,0.0000,0.0010,226.6923,0.0000,0.0010,0.0010,525.0002
17,0,15,0.0010,0.0000,0.0000,0.0010,0.0000,500.0000,1000.0000
17,0,16,0.0000,0.0000,0.0000,0.0000,0.0000,0.0000,1000.0000
17,0,17,0.0000,0.0000,120.0000,0.0000,0.0000,0.0000,866.6666
17,0,18,0.0000,0.0000,500.0000,0.0000,0.0000,0.0000,311.1111
17,0,19,0.0000,0.0000,0.0000,0.0000,0.0000,0.0000,311.1111
17,0,20,0.0000,0.0000,0.0000,0.0000,0.0000,0.0000,311.1111
17,0,21,0.0000,0.0000,0.0000,0.0000,0.0000,0.0001,311.1111
17,0,22,0.0000,0.0000,0.0000,0.0000,0.0000,500.0000,786.1111
17,0,23,0.0000,0.0000,257.5000,0.0000,0.0000,0.0000,500.0000
17,1,0,287.5000,0.0000,0.0000,0.0000,0.0000,0.0000,180.5555
17,1,1,0.0000,0.0000,0.0000,500.0000,0.0000,0.0000,655.5555
17,1,2,0.0000,0.0000,0.0000,0.0001,0.0000,0.0000,655.5555
17,1,3,0.0000,0.0000,0.0000,0.0000,0.0000,0.0000,655.5555
17,1,4,0.0000,0.0000,0.0000,0.0000,0.0001,0.0000,655.5556
17,1,5,0.0000,0.0000,0.0000,0.0000,0.0001,0.0000,655.5556
17,1,6,0.0000,500.0000,0.0000,0.0000,0.0000,0.0000,100.0000
17,1,7,0.0000,0.0001,0.0000,0.0000,0.0000,0.0000,100.0000
17,1,8,0.0010,0.0010,0.0000,0.0010,0.0538,0.0000,100.0498
17,1,9,0.0000,0.0010,0.0010,0.0000,71.6899,0.0010,168.1540
17,1,10,0.0000,0.0010,0.0010,0.0000,20.5577,0.0010,187.6825
17,1,11,0.0000,0.0000,0.0010,0.0000,500.0000,0.0010,662.6824
17,1,12,0.0000,0.0010,0.0010,0.0000,131.8272,0.0010,787.9170
17,1,13,0.0000,0.0010,0.0010,0.0000,223.2466,0.0010,1000.0000
17,1,14,0.0000,355.0001,0.0000,0.0000,0.0000,0.0000,605.5555
17,1,15,0.0000,72.5000,0.0000,0.0000,0.0000,0.0000,524.9999
17,1,16,0.0000,0.0000,0.0000,0.0000,500.0000,0.0000,999.9999
17,1,17,0.0000,0.0000,0.0000,0.0000,0.0000,0.0000,999.9999
17,1,18,0.0000,310.0000,0.0000,0.0000,0.0000,0.0000,655.5556
17,1,19,0.0000,0.0000,0.0000,0.0000,0.0000,0.0000,655.5556
17,1,20,0.0000,500.0000,0.0000,0.0000,0.0000,0.0000,100.0000
17,1,21,0.0000,0.0000,0.0000,0.0000,0.0000,0.0000,100.0000
17,1,22,0.0000,0.0000,0.0000,0.0000,0.0000,0.0000,100.0000
17,1,23,0.0000,0.0000,0.0000,0.0000,421.0526,0.0000,500.0000
17,2,0,0.0000,0.0000,0.0000,500.0000,0.0000,0.0000,975.0000
17,2,1,86.8069,0.0000,0.0000,0.0000,0.0000,0.0000,878.5479
17,2,2,267.9664,0.0000,0.0000,0.0000,0.0000,0.0000,580.8075
17,2,3,0.0000,0.0000,0.0000,0.0000,0.0000,0.0000,580.8075
17,2,4,0.0000,0.0000,0.0000,0.0000,0.0000,0.0000,580.8075
17,2,5,0.0000,0.0000,0.0000,0.0000,0.0000,0.0000,580.8075
17,2,6,0.0000,0.0000,77.7268,0.0000,0.0000,0.0000,494.4445
17,2,7,0.0000,0.0000,355.0000,0.0000,0.0000,0.0000,100.0000
17,2,8,0.0000,0.0010,0.0010,0.0000,0.0010,77.4831,173.6077
17,2,9,0.0000,0.0010,0.0010,0.0000,0.0010,108.4916,276.6735
17,2,10,0.0000,0.0010,0.0000,0.0000,0.0010,500.0000,751.6733
17,2,11,0.0000,0.0010,112.9527,0.0000,0.0010,0.0010,626.1711
17,2,12,0.0010,0.0000,0.0010,0.0010,0.0000,172.4828,790.0285
17,2,13,0.0000,0.0010,0.0010,0.0000,0.0010,221.0225,999.9986
17,2,14,0.0009,0.0000,0.0012,0.0009,0.0000,0.0030,1000.0000
17,2,15,0.0000,0.0000,0.0001,0.0000,0.0000,0.0000,999.9999
17,2,16,0.0000,0.0000,32.7754,0.0000,0.0000,0.0000,963.5829
17,2,17,0.0000,0.0000,500.0000,0.0000,0.0000,0.0000,408.0273
17,2,18,0.0000,0.0000,19.5311,0.0000,0.0000,0.0000,386.3261
17,2,19,0.0000,0.0000,147.4523,0.0000,0.0000,0.0000,222.4902
17,2,20,0.0000,0.0000,38.9362,0.0000,0.0000,0.0000,179.2278
17,2,21,0.0000,0.0000,71.3051,0.0000,0.0000,0.0000,100.0000
17,2,22,0.0000,0.0000,0.0000,0.0000,0.0000,0.0000,100.0000
17,2,23,0.0000,0.0000,0.0000,0.0000,0.0000,421.0526,500.0000
18,0,0,0.0000,0.0000,0.0000,500.0000,0.0000,0.0000,975.0000
18,0,1,76.2285,0.0000,0.0000,0.0000,0.0000,0.0000,890.3016
18,0,2,162.3874,0.0000,0.0000,0.0000,0.0000,0.0000,709.8712
18,0,3,0.0000,0.0000,0.0000,0.0000,0.0000,0.0000,709.8712
18,0,4,0.0000,0.0000,0.0000,0.0000,0.0000,0.0000,709.8712
18,0,5,0.0000,0.0000,0.0000,0.0000,0.0000,0.0000,709.8712
18,0,6,0.0000,0.0000,48.8841,0.0000,0.0000,0.0000,655.5556
18,0,7,0.0000,0.0000,500.0000,0.0000,0.0000,0.0000,100.0000
18,0,8,0.0010,0.0000,0.0010,0.0010,0.0000,95.7980,191.0069
18,0,9,0.0010,0.0000,0.0010,0.0010,0.0000,289.3162,465.8561
18,0,10,0.0000,0.0010,0.0014,0.0000,0.0010,0.0206,465.8740
18,0,11,0.0010,0.0000,105.8176,0.0010,0.0000,0.0010,348.2996
18,0,12,0.0000,0.0010,0.0010,0.0000,0.0010,327.7061,659.6192
18,0,13,0.0000,0.0010,0.0010,0.0000,0.0010,358.2968,1000.0000
18,0,14,0.0000,0.0000,427.5000,0.0000,0.0000,0.0000,525.0000
18,0,15,0.0000,0.0000,0.0000,0.0000,0.0000,500.0000,1000.0000
18,0,16,0.0000,0.0000,0.0000,0.0000,0.0000,0.0000,1000.0000
18,0,17,0.0000,0.0000,120.0000,0.0000,0.0000,0.0000,866.6666
18,0,18,0.0000,0.0000,500.0000,0.0000,0.0000,0.0000,311.1111
18,0,19,0.0000,0.0000,0.0000,0.0000,0.0000,0.0000,311.1111
18,0,20,0.0000,0.0000,0.0000,0.0000,0.0000,0.0000,311.1111
18,0,21,0.0000,0.0000,0.0000,0.0000,0.0000,0.0001,311.1111
18,0,22,0.0000,0.0000,0.0000,0.0000,0.0000,500.0000,786.1111
18,0,23,0.0000,0.0000,257.5000,0.0000,0.0000,0.0000,500.0000
18,1,0,287.5001,0.0000,0.0000,0.0000,0.0000,0.0000,180.5555
18,1,1,0.0000,0.0000,0.0000,500.0000,0.0000,0.0000,655.5555
18,1,2,0.0000,0.0000,0.0000,0.0001,0.0000,0.0000,655.5555
18,1,3,0.0000,0.0000,0.0000,0.0000,0.0000,0.0000,655.5555
18,1,4,0.0000,0.0000,0.0000,0.0000,0.0001,0.0000,655.5556
18,1,5,0.0000,0.0000,0.0000,0.0000,0.0001,0.0000,655.5556
18,1,6,0.0000,500.0000,0.0000,0.0000,0.0000,0.0000,100.0000
18,1,7,0.0000,0.0001,0.0000,0.0000,0.0000,0.0000,100.0000
18,1,8,0.0010,0.0010,0.0000,0.0010,0.0677,0.0000,100.0631
18,1,9,0.0000,0.0010,0.0010,0.0000,35.7285,0.0010,134.0039
18,1,10,0.0000,0.0010,0.0010,0.0000,0.0841,0.0010,134.0826
18,1,11,0.0000,0.0000,0.0010,0.0000,500.0000,0.0010,609.0824
18,1,12,0.0000,0.0010,0.0010,0.0000,159.8694,0.0010,760.9571
18,1,13,0.0000,0.0010,0.0010,0.0000,251.6253,0.0010,1000.0000
18,1,14,0.0000,355.0001,0.0000,0.0000,0.0000,0.0000,605.5554
18,1,15,0.0000,72.5000,0.0000,0.0000,0.0000,0.0000,524.9999
18,1,16,0.0000,0.0000,0.0000,0.0000,500.0000,0.0000,999.9999
18,1,17,0.0000,0.0000,0.0000,0.0000,0.0000,0.0000,999.9999
18,1,18,0.0000,310.0000,0.0000,0.0000,0.0000,0.0000,655.5556
18,1,19,0.0000,0.0000,0.0000,0.0000,0.0000,0.0000,655.5556
18,1,20,0.0000,500.0000,0.0000,0.0000,0.0000,0.0000,100.0000
18,1,21,0.0000,0.0000,0.0000,0.0000,0.0000,0.0000,100.0000
18,1,22,0.0000,0.0000,0.0000,0.0000,0.0000,0.0000,100.0000
18,1,23,0.0000,0.0000,0.0000,0.0000,421.0526,0.0000,500.0000
18,2,0,0.0000,0.0000,0.0000,500.0000,0.0000,0.0000,975.0000
18,2,1,79.9409,0.0000,0.0000,0.0000,0.0000,0.0000,886.1768
18,2,2,264.9452,0.0000,0.0000,0.0000,0.0000,0.0000,591.7932
18,2,3,0.0000,0.0000,0.0000,0.0000,0.0000,0.0000,591.7932
18,2,4,0.0000,0.0000,0.0000,0.0000,0.0000,0.0000,591.7932
18,2,5,0.0000,0.0000,0.0000,0.0000,0.0000,0.0000,591.7932
18,2,6,0.0000,0.0000,87.6139,0.0000,0.0000,0.0000,494.4445
18,2,7,0.0000,0.0000,355.0000,0.0000,0.0000,0.0000,100.0000
18,2,8,0.0000,0.0010,0.0010,0.0000,0.0010,74.4490,170.7253
18,2,9,0.0000,0.0010,0.0010,0.0000,0.0010,131.7050,295.8438
18,2,10,0.0000,0.0010,0.0000,0.0000,0.0010,500.0000,770.8437
18,2,11,0.0000,0.0010,228.2430,0.0000,0.0010,0.0010,517.2411
18,2,12,0.0010,0.0000,0.0010,0.0010,0.0000,235.6852,741.1407
18,2,13,0.0000,0.0010,0.0010,0.0000,0.0010,272.4847,1000.0000
18,2,14,0.0000,0.0000,0.0001,0.0000,0.0000,0.0001,1000.0000
18,2,15,0.0000,0.0000,40.5960,0.0000,0.0000,0.0000,954.8933
18,2,16,0.0000,0.0000,19.0759,0.0000,0.0000,0.0000,933.6978
18,2,17,0.0000,0.0000,500.0000,0.0000,0.0000,0.0000,378.1423
18,2,18,0.0000,0.0000,16.4431,0.0000,0.0000,0.0000,359.8722
18,2,19,0.0000,0.0000,141.9811,0.0000,0.0000,0.0000,202.1154
18,2,20,0.0000,0.0000,31.7358,0.0000,0.0000,0.0000,166.8534
18,2,21,0.0000,0.0000,60.1681,0.0000,0.0000,0.0000,100.0000
18,2,22,0.0000,0.0000,0.0000,0.0000,0.0000,0.0000,100.0000
18,2,23,0.0000,0.0000,0.0000,0.0000,0.0000,421.0526,500.0000
19,0,0,0.0000,0.0000,0.0000,500.0000,0.0000,0.0000,975.0000
19,0,1,92.2215,0.0000,0.0000,0.0000,0.0000,0.0000,872.5317
19,0,2,147.9007,0.0000,0.0000,0.0000,0.0000,0.0000,708.1976
19,0,3,0.0000,0.0000,0.0000,0.0000,0.0000,0.0000,708.1976
19,0,4,0.0000,0.0000,0.0000,0.0000,0.0000,0.0000,708.1976
19,0,5,0.0000,0.0000,0.0000,0.0000,0.0000,0.0000,708.1976
19,0,6,0.0000,0.0000,47.3779,0.0000,0.0000,0.0000,655.5556
19,0,7,0.0000,0.0000,500.0000,0.0000,0.0000,0.0000,100.0000
19,0,8,0.0013,0.0000,0.0013,0.0013,0.0000,132.0937,225.4873
19,0,9,0.0013,0.0000,0.0013,0.0013,0.0000,299.8247,510.3192
19,0,10,0.0000,0.0013,0.0014,0.0000,0.0013,0.0300,510.3459
19,0,11,0.0013,0.0000,163.9562,0.0013,0.0000,0.0013,328.1733
19,0,12,0.0000,0.0013,0.0013,0.0000,0.0013,339.1874,650.3997
19,0,13,0.0000,0.0013,0.0013,0.0000,0.0013,368.0020,1000.0000
19,0,14,0.0000,0.0000,427.5000,0.0000,0.0000,0.0000,525.0000
19,0,15,0.0000,0.0000,0.0000,0.0000,0.0000,500.0000,1000.0000
19,0,16,0.0000,0.0000,0.0000,0.0000,0.0000,0.0000,1000.0000
19,0,17,0.0000,0.0000,120.0000,0.0000,0.0000,0.0000,866.6666
19,0,18,0.0000,0.0000,500.0000,0.0000,0.0000,0.0000,311.1111
19,0,19,0.0000,0.0000,0.0000,0.0000,0.0000,0.0000,311.1111
19,0,20,0.0000,0.0000,0.0000,0.0000,0.0000,0.0000,311.1111
19,0,21,0.0000,0.0000,0.0000,0.0000,0.0000,0.0001,311.1111
19,0,22,0.0000,0.0000,0.0000,0.0000,0.0000,500.0000,786.1111
19,0,23,0.0000,0.0000,257.5000,0.0000,0.0000,0.0000,500.0000
19,1,0,287.5001,0.0000,0.0000,0.0000,0.0000,0.0000,180.5555
19,1,1,0.0000,0.0000,0.0000,500.0000,0.0000,0.0000,655.5555
19,1,2,0.0000,0.0000,0.0000,0.0001,0.0000,0.0000,655.5555
19,1,3,0.0000,0.0000,0.0000,0.0000,0.0000,0.0000,655.5555
19,1,4,0.0000,0.0000,0.0000,0.0000,0.0001,0.0000,655.5556
19,1,5,0.0000,0.0000,0.0000,0.0000,0.0001,0.0000,655.5556
19,1,6,0.0000,500.0000,0.0000,0.0000,0.0000,0.0000,100.0001
19,1,7,0.0000,0.0001,0.0000,0.0000,0.0000,0.0000,100.0000
19,1,8,0.0013,0.0013,0.0000,0.0013,0.0666,0.0000,100.0616
19,1,9,0.0000,0.0013,0.0013,0.0000,25.6248,0.0013,124.4036
19,1,10,0.0000,0.0013,0.0013,0.0000,0.1207,0.0013,124.5166
19,1,11,0.0000,0.0000,0.0013,0.0000,500.0000,0.0013,599.5164
19,1,12,0.0000,0.0013,0.0013,0.0000,168.8851,0.0013,759.9557
19,1,13,0.0000,0.0013,0.0013,0.0000,252.6800,0.0013,1000.0000
19,1,14,0.0000,355.0001,0.0000,0.0000,0.0000,0.0000,605.5554
19,1,15,0.0000,72.5000,0.0000,0.0000,0.0000,0.0000,524.9999
19,1,16,0.0000,0.0000,0.0000,0.0000,500.0000,0.0000,999.9999
19,1,17,0.0000,0.0000,0.0000,0.0000,0.0000,0.0000,999.9999
19,1,18,0.0000,309.9999,0.0000,0.0000,0.0000,0.0000,655.5556
19,1,19,0.0000,0.0000,0.0000,0.0000,0.0000,0.0000,655.5556
19,1,20,0.0000,500.0000,0.0000,0.0000,0.0000,0.0000,100.0000
19,1,21,0.0000,0.0000,0.0000,0.0000,0.0000,0.0000,100.0000
19,1,22,0.0000,0.0000,0.0000,0.0000,0.0000,0.0000,100.0000
19,1,23,0.0000,0.0000,0.0000,0.0000,421.0526,0.0000,500.0000
19,2,0,0.0000,0.0000,0.0000,500.0000,0.0000,0.0000,975.0000
19,2,1,97.9562,0.0000,0.0000,0.0000,0.0000,0.0000,866.1598
19,2,2,249.8099,0.0000,0.0000,0.0000,0.0000,0.0000,588.5932
19,2,3,0.0000,0.0000,0.0000,0.0000,0.0000,0.0000,588.5932
19,2,4,0.0000,0.0000,0.0000,0.0000,0.0000,0.0000,588.5932
19,2,5,0.0000,0.0000,0.0000,0.0000,0.0000,0.0000,588.5932
19,2,6,0.0000,0.0000,84.7339,0.0000,0.0000,0.0000,494.4445
19,2,7,0.0000,0.0000,355.0000,0.0000,0.0000,0.0000,100.0000
19,2,8,0.0000,0.0013,0.0013,0.0000,0.0013,96.2716,191.4564
19,2,9,0.0000,0.0013,0.0013,0.0000,0.0013,142.6099,326.9341
19,2,10,0.0000,0.0013,0.0000,0.0000,0.0013,500.0000,801.9339
19,2,11,0.0000,0.0013,311.5803,0.0000,0.0013,0.0013,455.7345
19,2,12,0.0013,0.0000,0.0013,0.0013,0.0000,272.5197,714.6266
19,2,13,0.0000,0.0013,0.0013,0.0000,0.0013,300.3948,1000.0000
19,2,14,0.0000,0.0000,0.0001,0.0000,0.0000,0.0001,1000.0000
19,2,15,0.0000,0.0000,37.7981,0.0000,0.0000,0.0000,958.0021
19,2,16,0.0000,0.0000,16.4573,0.0000,0.0000,0.0000,939.7162
19,2,17,0.0000,0.0000,500.0000,0.0000,0.0000,0.0000,384.1607
19,2,18,0.0000,0.0000,17.1601,0.0000,0.0000,0.0000,365.0939
19,2,19,0.0000,0.0000,143.0772,0.0000,0.0000,0.0000,206.1193
19,2,20,0.0000,0.0000,33.0576,0.0000,0.0000,0.0000,169.3887
19,2,21,0.0000,0.0000,62.4498,0.0000,0.0000,0.0000,100.0000
19,2,22,0.0000,0.0000,0.0000,0.0000,0.0000,0.0000,100.0000
19,2,23,0.0000,0.0000,0.0000,0.0000,0.0000,421.0526,500.0000
